Year,ARDY,Cohort,Total
1971,12-,1959+,0.02
1971,13,1958,0.73
1971,14,1957,14.11
1971,15,1956,144.92
1971,16,1955,763.08
1971,17,1954,2845.64
1971,18,1953,8795.89
1971,19,1952,21076.99
1971,20,1951,37689.58
1971,21,1950,50388.54
1971,22,1949,54808.36
1971,23,1948,55593.23
1971,24,1947,50044.17
1971,25,1946,42037.17
1971,26,1945,28737.61
1971,27,1944,25793.59
1971,28,1943,22411.33
1971,29,1942,19871.7
1971,30,1941,19055.92
1971,31,1940,18123.47
1971,32,1939,16220.63
1971,33,1938,14349.65
1971,34,1937,12745.23
1971,35,1936,11627.57
1971,36,1935,10022.04
1971,37,1934,8496.93
1971,38,1933,7212.01
1971,39,1932,6360.5
1971,40,1931,5380.52
1971,41,1930,4460.36
1971,42,1929,2925.53
1971,43,1928,1880.81
1971,44,1927,1088.07
1971,45,1926,616.63
1971,46,1925,366.18
1971,47,1924,198.06
1971,48,1923,97.47
1971,49,1922,43.21
1971,50,1921,16.3
1971,51,1920,7.14
1971,52,1919,2.79
1971,53,1918,0.93
1971,54,1917,0.35
1971,55+,1916-,0.04
1972,12-,1960+,0.02
1972,13,1959,0.6
1972,14,1958,12.04
1972,15,1957,133.33
1972,16,1956,764.02
1972,17,1955,2941.16
1972,18,1954,8357.41
1972,19,1953,19365.21
1972,20,1952,35582.25
1972,21,1951,50087.74
1972,22,1950,57332.3
1972,23,1949,56825.61
1972,24,1948,54141.28
1972,25,1947,46780.01
1972,26,1946,39206.09
1972,27,1945,25771.22
1972,28,1944,23046.53
1972,29,1943,20309.17
1972,30,1942,17408.1
1972,31,1941,16428.22
1972,32,1940,15822.13
1972,33,1939,14262.58
1972,34,1938,12556.96
1972,35,1937,10988.12
1972,36,1936,9762.79
1972,37,1935,8447.18
1972,38,1934,7123.8
1972,39,1933,5819.38
1972,40,1932,5178.44
1972,41,1931,4198.62
1972,42,1930,3040.67
1972,43,1929,1784.98
1972,44,1928,1041.15
1972,45,1927,535.99
1972,46,1926,307.37
1972,47,1925,186.22
1972,48,1924,87.3
1972,49,1923,40.25
1972,50,1922,17.46
1972,51,1921,6.67
1972,52,1920,3.02
1972,53,1919,1.22
1972,54,1918,0.35
1972,55+,1917-,0.04
1973,12-,1961+,0.02
1973,13,1960,0.58
1973,14,1959,11.28
1973,15,1958,127.84
1973,16,1957,746.1
1973,17,1956,2945.26
1973,18,1955,8852.09
1973,19,1954,20166.66
1973,20,1953,35916.62
1973,21,1952,50237.72
1973,22,1951,59451.16
1973,23,1950,60153.99
1973,24,1949,55090.71
1973,25,1948,50630.03
1973,26,1947,42832.37
1973,27,1946,35201.94
1973,28,1945,23194.56
1973,29,1944,20744.75
1973,30,1943,18142.24
1973,31,1942,15600.48
1973,32,1941,14455.53
1973,33,1940,13844.87
1973,34,1939,12655.37
1973,35,1938,10937.2
1973,36,1937,9476.15
1973,37,1936,8449.85
1973,38,1935,7133.48
1973,39,1934,5795.85
1973,40,1933,4796.17
1973,41,1932,4038.09
1973,42,1931,2791.35
1973,43,1930,1846.83
1973,44,1929,1027.99
1973,45,1928,577.73
1973,46,1927,315.99
1973,47,1926,185.64
1973,48,1925,98.82
1973,49,1924,43.06
1973,50,1923,19.18
1973,51,1922,8.27
1973,52,1921,3.18
1973,53,1920,1.46
1973,54,1919,0.49
1973,55+,1918-,0.04
1974,12-,1962+,0.02
1974,13,1961,0.59
1974,14,1960,12.14
1974,15,1959,134.5
1974,16,1958,800.27
1974,17,1957,3104.72
1974,18,1956,9135.23
1974,19,1955,21505.76
1974,20,1954,37205.09
1974,21,1953,50639.26
1974,22,1952,60034.08
1974,23,1951,62678.81
1974,24,1950,58735.59
1974,25,1949,51553.87
1974,26,1948,46284.61
1974,27,1947,38745.1
1974,28,1946,31462.74
1974,29,1945,20703.59
1974,30,1944,18617.93
1974,31,1943,15900.69
1974,32,1942,13367.69
1974,33,1941,12562.8
1974,34,1940,11945.97
1974,35,1939,10657.96
1974,36,1938,9347.58
1974,37,1937,7925.38
1974,38,1936,6853.84
1974,39,1935,5757.53
1974,40,1934,4841.44
1974,41,1933,3772.27
1974,42,1932,2715.56
1974,43,1931,1719.24
1974,44,1930,1075.02
1974,45,1929,578.72
1974,46,1928,341.4
1974,47,1927,185.34
1974,48,1926,95.67
1974,49,1925,47.34
1974,50,1924,19.88
1974,51,1923,8.81
1974,52,1922,3.84
1974,53,1921,1.5
1974,54,1920,0.59
1974,55+,1919-,0.06
1975,12-,1963+,0.02
1975,13,1962,0.66
1975,14,1961,13.43
1975,15,1960,151.78
1975,16,1959,831.34
1975,17,1958,3277.4
1975,18,1957,9577.6
1975,19,1956,21797.84
1975,20,1955,38615.31
1975,21,1954,51499.46
1975,22,1953,60176.92
1975,23,1952,63156.18
1975,24,1951,61221.65
1975,25,1950,55463.44
1975,26,1949,47701.94
1975,27,1948,41939.87
1975,28,1947,34617.69
1975,29,1946,28174.31
1975,30,1945,18470.3
1975,31,1944,16477.48
1975,32,1943,13896.69
1975,33,1942,11701.13
1975,34,1941,10973.33
1975,35,1940,10411.51
1975,36,1939,9095.22
1975,37,1938,7764.18
1975,38,1937,6567.42
1975,39,1936,5619.46
1975,40,1935,4463.28
1975,41,1934,3361.85
1975,42,1933,2439.12
1975,43,1932,1788.62
1975,44,1931,1229.46
1975,45,1930,700.35
1975,46,1929,306.54
1975,47,1928,157.38
1975,48,1927,70.4
1975,49,1926,33.22
1975,50,1925,16.05
1975,51,1924,6.9
1975,52,1923,3.22
1975,53,1922,1.47
1975,54,1921,0.51
1975,55+,1920-,0.06
1976,12-,1964+,0.02
1976,13,1963,0.57
1976,14,1962,11.18
1976,15,1961,130.44
1976,16,1960,863.39
1976,17,1959,3374.97
1976,18,1958,9896.9
1976,19,1957,22345.86
1976,20,1956,38862.46
1976,21,1955,53904.71
1976,22,1954,62322.31
1976,23,1953,64810.1
1976,24,1952,63004.09
1976,25,1951,58443.61
1976,26,1950,51584.01
1976,27,1949,43343.26
1976,28,1948,37566.61
1976,29,1947,30766.95
1976,30,1946,24868.19
1976,31,1945,16179.93
1976,32,1944,14407.07
1976,33,1943,12202.05
1976,34,1942,10274.57
1976,35,1941,9449.82
1976,36,1940,8746.08
1976,37,1939,7652.33
1976,38,1938,6331.14
1976,39,1937,5141.48
1976,40,1936,4209.39
1976,41,1935,3185.67
1976,42,1934,2366.17
1976,43,1933,1617.03
1976,44,1932,1089.44
1976,45,1931,594.17
1976,46,1930,307.39
1976,47,1929,151.93
1976,48,1928,73.86
1976,49,1927,32.39
1976,50,1926,15.34
1976,51,1925,7.55
1976,52,1924,3.32
1976,53,1923,1.57
1976,54,1922,0.6
1976,55+,1921-,0.06
1977,12-,1965+,0.02
1977,13,1964,0.57
1977,14,1963,11.74
1977,15,1962,133.06
1977,16,1961,809.86
1977,17,1960,3281.96
1977,18,1959,9398.37
1977,19,1958,21813.87
1977,20,1957,37920.37
1977,21,1956,52033.89
1977,22,1955,61792.08
1977,23,1954,63552.71
1977,24,1953,61723.94
1977,25,1952,57333.48
1977,26,1951,51148.17
1977,27,1950,44330.81
1977,28,1949,37295.72
1977,29,1948,32203.79
1977,30,1947,25785.83
1977,31,1946,20654.03
1977,32,1945,13392.97
1977,33,1944,11942.42
1977,34,1943,10060.72
1977,35,1942,8246.76
1977,36,1941,7533.85
1977,37,1940,6985.21
1977,38,1939,5891.01
1977,39,1938,4792.58
1977,40,1937,3795.84
1977,41,1936,2978.39
1977,42,1935,2184.02
1977,43,1934,1473.53
1977,44,1933,890.5
1977,45,1932,540.56
1977,46,1931,311.46
1977,47,1930,180.88
1977,48,1929,85.06
1977,49,1928,40.18
1977,50,1927,17.25
1977,51,1926,8.11
1977,52,1925,3.96
1977,53,1924,1.73
1977,54,1923,0.68
1977,55+,1922-,0.08
1978,12-,1966+,0.01
1978,13,1965,0.51
1978,14,1964,10.24
1978,15,1963,122.21
1978,16,1962,756.88
1978,17,1961,2996.56
1978,18,1960,8946.76
1978,19,1959,20385.7
1978,20,1958,37509.89
1978,21,1957,51614.7
1978,22,1956,60696.61
1978,23,1955,64388.6
1978,24,1954,61542.3
1978,25,1953,57439.52
1978,26,1952,52062.17
1978,27,1951,45431.5
1978,28,1950,38671.75
1978,29,1949,32156.99
1978,30,1948,27985.47
1978,31,1947,22349.05
1978,32,1946,17652.85
1978,33,1945,11370.24
1978,34,1944,10045.7
1978,35,1943,8296.01
1978,36,1942,6679.41
1978,37,1941,5985.83
1978,38,1940,5489.82
1978,39,1939,4578.75
1978,40,1938,3464.8
1978,41,1937,2562.88
1978,42,1936,1987.97
1978,43,1935,1338.75
1978,44,1934,824.98
1978,45,1933,462.68
1978,46,1932,257.83
1978,47,1931,138.1
1978,48,1930,71.95
1978,49,1929,32.34
1978,50,1928,15.26
1978,51,1927,6.73
1978,52,1926,3.3
1978,53,1925,1.68
1978,54,1924,0.63
1978,55+,1923-,0.08
1979,12-,1967+,0.02
1979,13,1966,0.55
1979,14,1965,10.99
1979,15,1964,125.09
1979,16,1963,753.21
1979,17,1962,2845.47
1979,18,1961,8239.53
1979,19,1960,19925.05
1979,20,1959,36052.01
1979,21,1958,52068.95
1979,22,1957,61717.58
1979,23,1956,65423.96
1979,24,1955,64418.52
1979,25,1954,59141.98
1979,26,1953,53582.2
1979,27,1952,47750.28
1979,28,1951,41251.76
1979,29,1950,34663.78
1979,30,1949,28713.85
1979,31,1948,24614.49
1979,32,1947,19727.58
1979,33,1946,15556.61
1979,34,1945,9801.3
1979,35,1944,8616.44
1979,36,1943,7159.03
1979,37,1942,5772.99
1979,38,1941,4897.56
1979,39,1940,4343.41
1979,40,1939,3546.98
1979,41,1938,2570.17
1979,42,1937,1872.79
1979,43,1936,1357.35
1979,44,1935,791.59
1979,45,1934,436.86
1979,46,1933,252.16
1979,47,1932,147.8
1979,48,1931,74.65
1979,49,1930,37.73
1979,50,1929,16.76
1979,51,1928,7.92
1979,52,1927,3.52
1979,53,1926,1.72
1979,54,1925,0.73
1979,55+,1924-,0.08
1980,12-,1968+,0.02
1980,13,1967,0.59
1980,14,1966,11.73
1980,15,1965,128.4
1980,16,1964,705.19
1980,17,1963,2753.85
1980,18,1962,7995.83
1980,19,1961,18149.17
1980,20,1960,34364.47
1980,21,1959,49637.67
1980,22,1958,61747.22
1980,23,1957,65479.52
1980,24,1956,64677.52
1980,25,1955,60883.45
1980,26,1954,54193.41
1980,27,1953,47922.47
1980,28,1952,41780.37
1980,29,1951,35991.66
1980,30,1950,30438.24
1980,31,1949,24860.12
1980,32,1948,21082.73
1980,33,1947,16652.23
1980,34,1946,13230.43
1980,35,1945,8383.19
1980,36,1944,7147.65
1980,37,1943,5769.2
1980,38,1942,4506.79
1980,39,1941,3836.45
1980,40,1940,3304.55
1980,41,1939,2516.51
1980,42,1938,1754.7
1980,43,1937,1185.23
1980,44,1936,777.33
1980,45,1935,436.76
1980,46,1934,236.4
1980,47,1933,127.39
1980,48,1932,67.66
1980,49,1931,32.53
1980,50,1930,16.22
1980,51,1929,7.29
1980,52,1928,3.53
1980,53,1927,1.6
1980,54,1926,0.66
1980,55+,1925-,0.09
1981,12-,1969+,0.02
1981,13,1968,0.58
1981,14,1967,11.08
1981,15,1966,124.32
1981,16,1965,709.9
1981,17,1964,2680.05
1981,18,1963,7627.12
1981,19,1962,17162.27
1981,20,1961,31226.79
1981,21,1960,46241.23
1981,22,1959,57314.76
1981,23,1958,64512.59
1981,24,1957,63633.99
1981,25,1956,59485.88
1981,26,1955,54063.7
1981,27,1954,47053.19
1981,28,1953,41007.62
1981,29,1952,35740.7
1981,30,1951,30698.54
1981,31,1950,25544.27
1981,32,1949,20642.07
1981,33,1948,17715.7
1981,34,1947,14022.17
1981,35,1946,10885.15
1981,36,1945,6790.63
1981,37,1944,5823.33
1981,38,1943,4631.99
1981,39,1942,3519.56
1981,40,1941,2944.26
1981,41,1940,2462.11
1981,42,1939,1761.23
1981,43,1938,1136.51
1981,44,1937,713.88
1981,45,1936,400.72
1981,46,1935,200.08
1981,47,1934,104.83
1981,48,1933,51.91
1981,49,1932,26.66
1981,50,1931,12.83
1981,51,1930,6.56
1981,52,1929,3.05
1981,53,1928,1.52
1981,54,1927,0.58
1981,55+,1926-,0.07
1982,12-,1970+,0.02
1982,13,1969,0.54
1982,14,1968,10.59
1982,15,1967,121.18
1982,16,1966,765.41
1982,17,1965,2905.53
1982,18,1964,8058.2
1982,19,1963,18157.71
1982,20,1962,31631.65
1982,21,1961,44724.33
1982,22,1960,57040.52
1982,23,1959,62930.68
1982,24,1958,65271.46
1982,25,1957,61193.33
1982,26,1956,55131.46
1982,27,1955,49247.66
1982,28,1954,42453.71
1982,29,1953,36845.98
1982,30,1952,32275.02
1982,31,1951,27563.1
1982,32,1950,22968.91
1982,33,1949,18860.27
1982,34,1948,16073.11
1982,35,1947,12743.46
1982,36,1946,9987.69
1982,37,1945,6180.22
1982,38,1944,5149.27
1982,39,1943,3982.44
1982,40,1942,3016.53
1982,41,1941,2382.86
1982,42,1940,1801.26
1982,43,1939,1263.43
1982,44,1938,746.83
1982,45,1937,395.65
1982,46,1936,229.02
1982,47,1935,123.21
1982,48,1934,61.21
1982,49,1933,29.44
1982,50,1932,14.88
1982,51,1931,7.14
1982,52,1930,3.65
1982,53,1929,1.68
1982,54,1928,0.69
1982,55+,1927-,0.08
1983,12-,1971+,0.02
1983,13,1970,0.65
1983,14,1969,12.31
1983,15,1968,142.07
1983,16,1967,814.96
1983,17,1966,2955.2
1983,18,1965,8052.04
1983,19,1964,17849.96
1983,20,1963,31606.93
1983,21,1962,43903.1
1983,22,1961,53952.96
1983,23,1960,61542.37
1983,24,1959,63529.54
1983,25,1958,63674.13
1983,26,1957,58376.92
1983,27,1956,52178.33
1983,28,1955,45887.23
1983,29,1954,39409.11
1983,30,1953,34495.48
1983,31,1952,29474.08
1983,32,1951,24763.52
1983,33,1950,20660.14
1983,34,1949,16566.08
1983,35,1948,13924.27
1983,36,1947,10796.79
1983,37,1946,8067.35
1983,38,1945,4916.38
1983,39,1944,4035.49
1983,40,1943,2980.43
1983,41,1942,2089.63
1983,42,1941,1528.52
1983,43,1940,1112.59
1983,44,1939,710.72
1983,45,1938,368.78
1983,46,1937,181
1983,47,1936,100.39
1983,48,1935,49.54
1983,49,1934,23.92
1983,50,1933,11.62
1983,51,1932,6.09
1983,52,1931,3.05
1983,53,1930,1.6
1983,54,1929,0.63
1983,55+,1928-,0.08
1984,12-,1972+,0.02
1984,13,1971,0.72
1984,14,1970,14.25
1984,15,1969,157.89
1984,16,1968,909.3
1984,17,1967,3156.06
1984,18,1966,8340.66
1984,19,1965,17840.87
1984,20,1964,30760.4
1984,21,1963,43170.49
1984,22,1962,51369.29
1984,23,1961,56244.66
1984,24,1960,59741.1
1984,25,1959,58320.44
1984,26,1958,56328.99
1984,27,1957,50397.24
1984,28,1956,44181.41
1984,29,1955,39232.43
1984,30,1954,33860.4
1984,31,1953,28897.73
1984,32,1952,24570
1984,33,1951,20903.5
1984,34,1950,17545.24
1984,35,1949,14037.61
1984,36,1948,11502.96
1984,37,1947,8659.45
1984,38,1946,6394.86
1984,39,1945,3752.87
1984,40,1944,2903.28
1984,41,1943,2039.33
1984,42,1942,1405.89
1984,43,1941,986.49
1984,44,1940,635.37
1984,45,1939,363.6
1984,46,1938,197.6
1984,47,1937,108.01
1984,48,1936,57.5
1984,49,1935,27.75
1984,50,1934,13.22
1984,51,1933,6.38
1984,52,1932,3.32
1984,53,1931,1.64
1984,54,1930,0.7
1984,55+,1929-,0.08
1985,12-,1973+,2
1985,13,1972,5
1985,14,1971,26
1985,15,1970,179
1985,16,1969,840
1985,17,1968,3157
1985,18,1967,7863
1985,19,1966,17375
1985,20,1965,30041
1985,21,1964,41571
1985,22,1963,49817
1985,23,1962,53971
1985,24,1961,54707
1985,25,1960,54676
1985,26,1959,52378
1985,27,1958,48788
1985,28,1957,43508
1985,29,1956,37739
1985,30,1955,33584
1985,31,1954,28105
1985,32,1953,24436
1985,33,1952,20336
1985,34,1951,17327
1985,35,1950,14490
1985,36,1949,11403
1985,37,1948,9449
1985,38,1947,6919
1985,39,1946,4782
1985,40,1945,2808
1985,41,1944,1997
1985,42,1943,1408
1985,43,1942,837
1985,44,1941,501
1985,45,1940,362
1985,46,1939,192
1985,47,1938,100
1985,48,1937,49
1985,49,1936,21
1985,50,1935,7
1985,51,1934,2
1985,52,1933,1
1985,53,1932,2
1985,54,1931,1
1985,55+,1930-,2
1986,12-,1974+,0
1986,13,1973,7
1986,14,1972,34
1986,15,1971,154
1986,16,1970,767
1986,17,1969,2937
1986,18,1968,7686
1986,19,1967,16466
1986,20,1966,28416
1986,21,1965,39122
1986,22,1964,46663
1986,23,1963,50351
1986,24,1962,50282
1986,25,1961,48919
1986,26,1960,47376
1986,27,1959,44522
1986,28,1958,40848
1986,29,1957,36207
1986,30,1956,31145
1986,31,1955,26997
1986,32,1954,22682
1986,33,1953,19768
1986,34,1952,16626
1986,35,1951,13978
1986,36,1950,11288
1986,37,1949,9178
1986,38,1948,7036
1986,39,1947,5194
1986,40,1946,3415
1986,41,1945,1999
1986,42,1944,1346
1986,43,1943,871
1986,44,1942,473
1986,45,1941,260
1986,46,1940,167
1986,47,1939,86
1986,48,1938,31
1986,49,1937,30
1986,50,1936,10
1986,51,1935,3
1986,52,1934,3
1986,53,1933,1
1986,54,1932,1
1986,55+,1931-,1
1987,12-,1975+,0
1987,13,1974,2
1987,14,1973,37
1987,15,1972,182
1987,16,1971,773
1987,17,1970,3098
1987,18,1969,7618
1987,19,1968,16702
1987,20,1967,27906
1987,21,1966,37734
1987,22,1965,44665
1987,23,1964,47942
1987,24,1963,48229
1987,25,1962,45917
1987,26,1961,42787
1987,27,1960,40983
1987,28,1959,37190
1987,29,1958,34224
1987,30,1957,30318
1987,31,1956,25621
1987,32,1955,22632
1987,33,1954,18733
1987,34,1953,15955
1987,35,1952,13511
1987,36,1951,11193
1987,37,1950,8939
1987,38,1949,7001
1987,39,1948,5310
1987,40,1947,3769
1987,41,1946,2460
1987,42,1945,1331
1987,43,1944,886
1987,44,1943,470
1987,45,1942,239
1987,46,1941,140
1987,47,1940,85
1987,48,1939,34
1987,49,1938,16
1987,50,1937,12
1987,51,1936,7
1987,52,1935,0
1987,53,1934,0
1987,54,1933,2
1987,55+,1932-,0
1988,12-,1976+,0
1988,13,1975,5
1988,14,1974,32
1988,15,1973,178
1988,16,1972,834
1988,17,1971,3053
1988,18,1970,7961
1988,19,1969,16834
1988,20,1968,27733
1988,21,1967,36777
1988,22,1966,43227
1988,23,1965,46375
1988,24,1964,46145
1988,25,1963,44502
1988,26,1962,41228
1988,27,1961,38291
1988,28,1960,35393
1988,29,1959,32669
1988,30,1958,29596
1988,31,1957,26098
1988,32,1956,22081
1988,33,1955,19154
1988,34,1954,15799
1988,35,1953,13301
1988,36,1952,11014
1988,37,1951,9086
1988,38,1950,7089
1988,39,1949,5417
1988,40,1948,3945
1988,41,1947,2670
1988,42,1946,1677
1988,43,1945,808
1988,44,1944,487
1988,45,1943,266
1988,46,1942,123
1988,47,1941,54
1988,48,1940,41
1988,49,1939,14
1988,50,1938,6
1988,51,1937,4
1988,52,1936,1
1988,53,1935,1
1988,54,1934,0
1988,55+,1933-,3
1989,12-,1977+,0
1989,13,1976,5
1989,14,1975,29
1989,15,1974,204
1989,16,1973,889
1989,17,1972,3294
1989,18,1971,8107
1989,19,1970,17263
1989,20,1969,27716
1989,21,1968,36196
1989,22,1967,42139
1989,23,1966,44475
1989,24,1965,44113
1989,25,1964,42382
1989,26,1963,39407
1989,27,1962,35409
1989,28,1961,32207
1989,29,1960,30236
1989,30,1959,27437
1989,31,1958,24891
1989,32,1957,21382
1989,33,1956,18080
1989,34,1955,15309
1989,35,1954,12721
1989,36,1953,10650
1989,37,1952,8666
1989,38,1951,6982
1989,39,1950,5310
1989,40,1949,3814
1989,41,1948,2658
1989,42,1947,1721
1989,43,1946,993
1989,44,1945,470
1989,45,1944,257
1989,46,1943,133
1989,47,1942,51
1989,48,1941,27
1989,49,1940,20
1989,50,1939,9
1989,51,1938,1
1989,52,1937,0
1989,53,1936,0
1989,54,1935,0
1989,55+,1934-,1
1990,12-,1978+,2
1990,13,1977,5
1990,14,1976,48
1990,15,1975,197
1990,16,1974,1032
1990,17,1973,3556
1990,18,1972,8806
1990,19,1971,18073
1990,20,1970,28897
1990,21,1969,36946
1990,22,1968,41697
1990,23,1967,43062
1990,24,1966,42200
1990,25,1965,40002
1990,26,1964,37032
1990,27,1963,33806
1990,28,1962,29872
1990,29,1961,27029
1990,30,1960,25199
1990,31,1959,22749
1990,32,1958,20343
1990,33,1957,18047
1990,34,1956,14966
1990,35,1955,12920
1990,36,1954,10434
1990,37,1953,8615
1990,38,1952,6852
1990,39,1951,5484
1990,40,1950,4146
1990,41,1949,2753
1990,42,1948,1907
1990,43,1947,1122
1990,44,1946,560
1990,45,1945,235
1990,46,1944,93
1990,47,1943,38
1990,48,1942,23
1990,49,1941,8
1990,50,1940,12
1990,51,1939,1
1990,52,1938,2
1990,53,1937,2
1990,54,1936,1
1990,55+,1935-,0
1991,12-,1979+,0
1991,13,1978,3
1991,14,1977,36
1991,15,1976,229
1991,16,1975,1105
1991,17,1974,3739
1991,18,1973,9325
1991,19,1972,18660
1991,20,1971,29329
1991,21,1970,37848
1991,22,1969,41963
1991,23,1968,42836
1991,24,1967,41232
1991,25,1966,39020
1991,26,1965,35981
1991,27,1964,32778
1991,28,1963,29719
1991,29,1962,25898
1991,30,1961,23662
1991,31,1960,22061
1991,32,1959,19926
1991,33,1958,17673
1991,34,1957,15367
1991,35,1956,12840
1991,36,1955,10926
1991,37,1954,8804
1991,38,1953,7272
1991,39,1952,5355
1991,40,1951,4268
1991,41,1950,3023
1991,42,1949,1924
1991,43,1948,1212
1991,44,1947,682
1991,45,1946,281
1991,46,1945,105
1991,47,1944,54
1991,48,1943,18
1991,49,1942,12
1991,50,1941,10
1991,51,1940,1
1991,52,1939,1
1991,53,1938,0
1991,54,1937,1
1991,55+,1936-,2
1992,12-,1980+,0
1992,13,1979,13
1992,14,1978,43
1992,15,1977,207
1992,16,1976,1035
1992,17,1975,3550
1992,18,1974,8599
1992,19,1973,17506
1992,20,1972,27633
1992,21,1971,34866
1992,22,1970,40062
1992,23,1969,40321
1992,24,1968,38742
1992,25,1967,36571
1992,26,1966,33720
1992,27,1965,30467
1992,28,1964,27661
1992,29,1963,24892
1992,30,1962,22074
1992,31,1961,19672
1992,32,1960,18120
1992,33,1959,16374
1992,34,1958,14529
1992,35,1957,12826
1992,36,1956,10589
1992,37,1955,8736
1992,38,1954,7001
1992,39,1953,5442
1992,40,1952,4158
1992,41,1951,2981
1992,42,1950,1976
1992,43,1949,1185
1992,44,1948,683
1992,45,1947,340
1992,46,1946,126
1992,47,1945,50
1992,48,1944,22
1992,49,1943,14
1992,50,1942,6
1992,51,1941,3
1992,52,1940,1
1992,53,1939,1
1992,54,1938,0
1992,55+,1937-,5
1993,12-,1981+,1
1993,13,1980,6
1993,14,1979,44
1993,15,1978,204
1993,16,1977,944
1993,17,1976,3421
1993,18,1975,8304
1993,19,1974,16406
1993,20,1973,25940
1993,21,1972,32738
1993,22,1971,37514
1993,23,1970,38668
1993,24,1969,36930
1993,25,1968,35008
1993,26,1967,31724
1993,27,1966,28988
1993,28,1965,26292
1993,29,1964,23788
1993,30,1963,21374
1993,31,1962,18628
1993,32,1961,16955
1993,33,1960,15561
1993,34,1959,14126
1993,35,1958,12666
1993,36,1957,11076
1993,37,1956,9078
1993,38,1955,7370
1993,39,1954,5664
1993,40,1953,4430
1993,41,1952,3159
1993,42,1951,2177
1993,43,1950,1380
1993,44,1949,757
1993,45,1948,334
1993,46,1947,161
1993,47,1946,77
1993,48,1945,12
1993,49,1944,10
1993,50,1943,3
1993,51,1942,1
1993,52,1941,3
1993,53,1940,2
1993,54,1939,0
1993,55+,1938-,0
1994,12-,1982+,0
1994,13,1981,2
1994,14,1980,28
1994,15,1979,204
1994,16,1978,926
1994,17,1977,3068
1994,18,1976,7726
1994,19,1975,15335
1994,20,1974,24094
1994,21,1973,31003
1994,22,1972,35202
1994,23,1971,36705
1994,24,1970,35979
1994,25,1969,33441
1994,26,1968,30818
1994,27,1967,27824
1994,28,1966,25129
1994,29,1965,22674
1994,30,1964,20399
1994,31,1963,18288
1994,32,1962,16260
1994,33,1961,14469
1994,34,1960,13499
1994,35,1959,12191
1994,36,1958,10766
1994,37,1957,9167
1994,38,1956,7521
1994,39,1955,5945
1994,40,1954,4602
1994,41,1953,3403
1994,42,1952,2169
1994,43,1951,1344
1994,44,1950,818
1994,45,1949,359
1994,46,1948,178
1994,47,1947,63
1994,48,1946,20
1994,49,1945,10
1994,50,1944,1
1994,51,1943,2
1994,52,1942,0
1994,53,1941,2
1994,54,1940,0
1994,55+,1939-,1
1995,12-,1983+,0
1995,13,1982,5
1995,14,1981,24
1995,15,1980,158
1995,16,1979,826
1995,17,1978,2837
1995,18,1977,7046
1995,19,1976,14390
1995,20,1975,22257
1995,21,1974,28964
1995,22,1973,33334
1995,23,1972,34634
1995,24,1971,34327
1995,25,1970,32778
1995,26,1969,29833
1995,27,1968,26508
1995,28,1967,23788
1995,29,1966,21182
1995,30,1965,19097
1995,31,1964,16941
1995,32,1963,14973
1995,33,1962,13235
1995,34,1961,11814
1995,35,1960,10803
1995,36,1959,9512
1995,37,1958,8315
1995,38,1957,6961
1995,39,1956,5429
1995,40,1955,4247
1995,41,1954,2972
1995,42,1953,2046
1995,43,1952,1181
1995,44,1951,691
1995,45,1950,338
1995,46,1949,155
1995,47,1948,74
1995,48,1947,22
1995,49,1946,3
1995,50,1945,3
1995,51,1944,0
1995,52,1943,0
1995,53,1942,0
1995,54,1941,0
1995,55+,1940-,0
1996,12-,1984+,1
1996,13,1983,3
1996,14,1982,32
1996,15,1981,133
1996,16,1980,796
1996,17,1979,2681
1996,18,1978,6571
1996,19,1977,13379
1996,20,1976,21381
1996,21,1975,27655
1996,22,1974,31977
1996,23,1973,33707
1996,24,1972,33382
1996,25,1971,32331
1996,26,1970,29996
1996,27,1969,26676
1996,28,1968,23434
1996,29,1967,20569
1996,30,1966,18652
1996,31,1965,16335
1996,32,1964,14573
1996,33,1963,12764
1996,34,1962,11154
1996,35,1961,9990
1996,36,1960,8956
1996,37,1959,7986
1996,38,1958,6711
1996,39,1957,5345
1996,40,1956,4052
1996,41,1955,2889
1996,42,1954,1910
1996,43,1953,1262
1996,44,1952,654
1996,45,1951,332
1996,46,1950,161
1996,47,1949,78
1996,48,1948,22
1996,49,1947,7
1996,50,1946,2
1996,51,1945,0
1996,52,1944,0
1996,53,1943,0
1996,54,1942,0
1996,55+,1941-,0
1997,12-,1985+,0
1997,13,1984,5
1997,14,1983,25
1997,15,1982,164
1997,16,1981,716
1997,17,1980,2620
1997,18,1979,6274
1997,19,1978,12321
1997,20,1977,19726
1997,21,1976,25962
1997,22,1975,30377
1997,23,1974,32321
1997,24,1973,32721
1997,25,1972,31309
1997,26,1971,29378
1997,27,1970,26476
1997,28,1969,23311
1997,29,1968,20388
1997,30,1967,17693
1997,31,1966,15538
1997,32,1965,14065
1997,33,1964,11950
1997,34,1963,10748
1997,35,1962,9207
1997,36,1961,8149
1997,37,1960,7053
1997,38,1959,6131
1997,39,1958,5145
1997,40,1957,3874
1997,41,1956,2792
1997,42,1955,1839
1997,43,1954,1185
1997,44,1953,682
1997,45,1952,326
1997,46,1951,147
1997,47,1950,62
1997,48,1949,12
1997,49,1948,7
1997,50,1947,3
1997,51,1946,1
1997,52,1945,0
1997,53,1944,0
1997,54,1943,1
1997,55+,1942-,0
1998,12-,1986+,1
1998,13,1985,0
1998,14,1984,23
1998,15,1983,142
1998,16,1982,744
1998,17,1981,2397
1998,18,1980,6194
1998,19,1979,12310
1998,20,1978,18206
1998,21,1977,23658
1998,22,1976,28460
1998,23,1975,30593
1998,24,1974,31432
1998,25,1973,30620
1998,26,1972,29233
1998,27,1971,26230
1998,28,1970,22999
1998,29,1969,20186
1998,30,1968,17363
1998,31,1967,14977
1998,32,1966,13272
1998,33,1965,11495
1998,34,1964,10250
1998,35,1963,8856
1998,36,1962,7484
1998,37,1961,6372
1998,38,1960,5485
1998,39,1959,4690
1998,40,1958,3449
1998,41,1957,2548
1998,42,1956,1758
1998,43,1955,1097
1998,44,1954,628
1998,45,1953,309
1998,46,1952,130
1998,47,1951,50
1998,48,1950,18
1998,49,1949,7
1998,50,1948,2
1998,51,1947,0
1998,52,1946,0
1998,53,1945,0
1998,54,1944,0
1998,55+,1943-,0
1999,12-,1987+,0
1999,13,1986,5
1999,14,1985,18
1999,15,1984,159
1999,16,1983,765
1999,17,1982,2584
1999,18,1981,5725
1999,19,1980,11506
1999,20,1979,17130
1999,21,1978,22035
1999,22,1977,26035
1999,23,1976,29218
1999,24,1975,30427
1999,25,1974,30249
1999,26,1973,28993
1999,27,1972,26521
1999,28,1971,23748
1999,29,1970,20286
1999,30,1969,17429
1999,31,1968,14605
1999,32,1967,12620
1999,33,1966,11016
1999,34,1965,9678
1999,35,1964,8228
1999,36,1963,7324
1999,37,1962,5997
1999,38,1961,5076
1999,39,1960,4229
1999,40,1959,3435
1999,41,1958,2552
1999,42,1957,1774
1999,43,1956,1101
1999,44,1955,648
1999,45,1954,295
1999,46,1953,143
1999,47,1952,65
1999,48,1951,19
1999,49,1950,4
1999,50,1949,1
1999,51,1948,0
1999,52,1947,0
1999,53,1946,0
1999,54,1945,0
1999,55+,1944-,0
2000,12-,1988+,0
2000,13,1987,7
2000,14,1986,14
2000,15,1985,152
2000,16,1984,708
2000,17,1983,2578
2000,18,1982,5901
2000,19,1981,10715
2000,20,1980,16726
2000,21,1979,21223
2000,22,1978,24475
2000,23,1977,27489
2000,24,1976,30090
2000,25,1975,30440
2000,26,1974,30099
2000,27,1973,27525
2000,28,1972,24262
2000,29,1971,21138
2000,30,1970,17981
2000,31,1969,15259
2000,32,1968,12765
2000,33,1967,10722
2000,34,1966,9357
2000,35,1965,8190
2000,36,1964,7153
2000,37,1963,5877
2000,38,1962,4841
2000,39,1961,3892
2000,40,1960,3144
2000,41,1959,2409
2000,42,1958,1729
2000,43,1957,1047
2000,44,1956,594
2000,45,1955,319
2000,46,1954,117
2000,47,1953,60
2000,48,1952,20
2000,49,1951,3
2000,50,1950,0
2000,51,1949,0
2000,52,1948,0
2000,53,1947,0
2000,54,1946,0
2000,55+,1945-,0
2001,12-,1989+,1
2001,13,1988,3
2001,14,1987,27
2001,15,1986,124
2001,16,1985,679
2001,17,1984,2346
2001,18,1983,5686
2001,19,1982,10153
2001,20,1981,14662
2001,21,1980,19221
2001,22,1979,22360
2001,23,1978,25408
2001,24,1977,27470
2001,25,1976,29723
2001,26,1975,29511
2001,27,1974,27761
2001,28,1973,24780
2001,29,1972,21737
2001,30,1971,18817
2001,31,1970,15812
2001,32,1969,13095
2001,33,1968,10997
2001,34,1967,9394
2001,35,1966,8123
2001,36,1965,6699
2001,37,1964,5604
2001,38,1963,4703
2001,39,1962,3880
2001,40,1961,3082
2001,41,1960,2242
2001,42,1959,1608
2001,43,1958,1131
2001,44,1957,639
2001,45,1956,317
2001,46,1955,143
2001,47,1954,56
2001,48,1953,25
2001,49,1952,7
2001,50,1951,1
2001,51,1950,0
2001,52,1949,0
2001,53,1948,0
2001,54,1947,0
2001,55+,1946-,0
2002,12-,1990+,0
2002,13,1989,3
2002,14,1988,20
2002,15,1987,94
2002,16,1986,523
2002,17,1985,2100
2002,18,1984,5139
2002,19,1983,9888
2002,20,1982,14090
2002,21,1981,16959
2002,22,1980,20681
2002,23,1979,22842
2002,24,1978,25232
2002,25,1977,27030
2002,26,1976,28787
2002,27,1975,27488
2002,28,1974,25296
2002,29,1973,22190
2002,30,1972,19033
2002,31,1971,16079
2002,32,1970,13449
2002,33,1969,10888
2002,34,1968,9367
2002,35,1967,7930
2002,36,1966,6611
2002,37,1965,5514
2002,38,1964,4566
2002,39,1963,3678
2002,40,1962,2879
2002,41,1961,2188
2002,42,1960,1525
2002,43,1959,962
2002,44,1958,554
2002,45,1957,284
2002,46,1956,133
2002,47,1955,54
2002,48,1954,17
2002,49,1953,5
2002,50,1952,3
2002,51,1951,2
2002,52,1950,0
2002,53,1949,0
2002,54,1948,0
2002,55+,1947-,0
2003,12-,1991+,0
2003,13,1990,1
2003,14,1989,16
2003,15,1988,129
2003,16,1987,511
2003,17,1986,1700
2003,18,1985,4742
2003,19,1984,9015
2003,20,1983,13520
2003,21,1982,16537
2003,22,1981,18603
2003,23,1980,21920
2003,24,1979,24111
2003,25,1978,26347
2003,26,1977,27821
2003,27,1976,27979
2003,28,1975,26022
2003,29,1974,23284
2003,30,1973,20044
2003,31,1972,17085
2003,32,1971,14069
2003,33,1970,11375
2003,34,1969,9460
2003,35,1968,7752
2003,36,1967,6493
2003,37,1966,5336
2003,38,1965,4365
2003,39,1964,3336
2003,40,1963,2722
2003,41,1962,1979
2003,42,1961,1385
2003,43,1960,853
2003,44,1959,576
2003,45,1958,279
2003,46,1957,144
2003,47,1956,47
2003,48,1955,21
2003,49,1954,6
2003,50,1953,0
2003,51,1952,1
2003,52,1951,1
2003,53,1950,0
2003,54,1949,0
2003,55+,1948-,0
2004,12-,1992+,0
2004,13,1991,1
2004,14,1990,13
2004,15,1989,115
2004,16,1988,534
2004,17,1987,1730
2004,18,1986,4064
2004,19,1985,8247
2004,20,1984,12337
2004,21,1983,16402
2004,22,1982,18358
2004,23,1981,20195
2004,24,1980,23585
2004,25,1979,26000
2004,26,1978,27395
2004,27,1977,28200
2004,28,1976,27788
2004,29,1975,24970
2004,30,1974,21952
2004,31,1973,18477
2004,32,1972,15381
2004,33,1971,12669
2004,34,1970,10089
2004,35,1969,8214
2004,36,1968,6769
2004,37,1967,5440
2004,38,1966,4398
2004,39,1965,3470
2004,40,1964,2758
2004,41,1963,2071
2004,42,1962,1323
2004,43,1961,892
2004,44,1960,538
2004,45,1959,284
2004,46,1958,141
2004,47,1957,58
2004,48,1956,25
2004,49,1955,7
2004,50,1954,3
2004,51,1953,1
2004,52,1952,0
2004,53,1951,0
2004,54,1950,0
2004,55+,1949-,0
2005,12-,1993+,0
2005,13,1992,2
2005,14,1991,15
2005,15,1990,114
2005,16,1989,516
2005,17,1988,1741
2005,18,1987,3992
2005,19,1986,7522
2005,20,1985,11882
2005,21,1984,15466
2005,22,1983,18449
2005,23,1982,20524
2005,24,1981,22148
2005,25,1980,25846
2005,26,1979,27814
2005,27,1978,28998
2005,28,1977,28117
2005,29,1976,27153
2005,30,1975,24295
2005,31,1974,20530
2005,32,1973,16975
2005,33,1972,13878
2005,34,1971,11272
2005,35,1970,8950
2005,36,1969,7206
2005,37,1968,5719
2005,38,1967,4500
2005,39,1966,3492
2005,40,1965,2696
2005,41,1964,1999
2005,42,1963,1371
2005,43,1962,819
2005,44,1961,522
2005,45,1960,259
2005,46,1959,148
2005,47,1958,47
2005,48,1957,24
2005,49,1956,7
2005,50,1955,1
2005,51,1954,2
2005,52,1953,1
2005,53,1952,0
2005,54,1951,0
2005,55+,1950-,0
2006,12-,1994+,0
2006,13,1993,2
2006,14,1992,17
2006,15,1991,118
2006,16,1990,508
2006,17,1989,1833
2006,18,1988,4136
2006,19,1987,7619
2006,20,1986,11242
2006,21,1985,14908
2006,22,1984,17573
2006,23,1983,20576
2006,24,1982,22625
2006,25,1981,24499
2006,26,1980,28580
2006,27,1979,29425
2006,28,1978,28883
2006,29,1977,27384
2006,30,1976,26053
2006,31,1975,22562
2006,32,1974,18646
2006,33,1973,15487
2006,34,1972,12393
2006,35,1971,9853
2006,36,1970,7741
2006,37,1969,6096
2006,38,1968,4699
2006,39,1967,3733
2006,40,1966,2740
2006,41,1965,1950
2006,42,1964,1279
2006,43,1963,825
2006,44,1962,476
2006,45,1961,239
2006,46,1960,130
2006,47,1959,48
2006,48,1958,26
2006,49,1957,3
2006,50,1956,2
2006,51,1955,0
2006,52,1954,0
2006,53,1953,0
2006,54,1952,0
2006,55+,1951-,0
2007,12-,1995+,0
2007,13,1994,0
2007,14,1993,21
2007,15,1992,118
2007,16,1991,613
2007,17,1990,2015
2007,18,1989,4417
2007,19,1988,7777
2007,20,1987,11079
2007,21,1986,13803
2007,22,1985,17300
2007,23,1984,19965
2007,24,1983,23409
2007,25,1982,25637
2007,26,1981,27420
2007,27,1980,29736
2007,28,1979,30187
2007,29,1978,28657
2007,30,1977,27055
2007,31,1976,24564
2007,32,1975,20708
2007,33,1974,17343
2007,34,1973,13773
2007,35,1972,11237
2007,36,1971,8781
2007,37,1970,6612
2007,38,1969,5077
2007,39,1968,3830
2007,40,1967,2904
2007,41,1966,1999
2007,42,1965,1344
2007,43,1964,908
2007,44,1963,505
2007,45,1962,254
2007,46,1961,109
2007,47,1960,62
2007,48,1959,24
2007,49,1958,8
2007,50,1957,5
2007,51,1956,0
2007,52,1955,0
2007,53,1954,0
2007,54,1953,0
2007,55+,1952-,2
2008,12-,1996+,0
2008,13,1995,1
2008,14,1994,27
2008,15,1993,159
2008,16,1992,717
2008,17,1991,2157
2008,18,1990,4734
2008,19,1989,8104
2008,20,1988,11493
2008,21,1987,14024
2008,22,1986,16775
2008,23,1985,20233
2008,24,1984,23206
2008,25,1983,27342
2008,26,1982,29417
2008,27,1981,30371
2008,28,1980,32049
2008,29,1979,30888
2008,30,1978,28745
2008,31,1977,26358
2008,32,1976,23162
2008,33,1975,19195
2008,34,1974,15835
2008,35,1973,12625
2008,36,1972,9846
2008,37,1971,7608
2008,38,1970,5702
2008,39,1969,4137
2008,40,1968,2968
2008,41,1967,2156
2008,42,1966,1363
2008,43,1965,882
2008,44,1964,487
2008,45,1963,248
2008,46,1962,126
2008,47,1961,62
2008,48,1960,16
2008,49,1959,10
2008,50,1958,2
2008,51,1957,1
2008,52,1956,1
2008,53,1955,0
2008,54,1954,0
2008,55+,1953-,0
2009,12-,1997+,0
2009,13,1996,0
2009,14,1995,25
2009,15,1994,147
2009,16,1993,717
2009,17,1992,2114
2009,18,1991,4534
2009,19,1990,7798
2009,20,1989,10817
2009,21,1988,13403
2009,22,1987,15419
2009,23,1986,17997
2009,24,1985,22032
2009,25,1984,25964
2009,26,1983,30158
2009,27,1982,31654
2009,28,1981,31418
2009,29,1980,32002
2009,30,1979,29932
2009,31,1978,27075
2009,32,1977,23936
2009,33,1976,20714
2009,34,1975,16991
2009,35,1974,13826
2009,36,1973,11001
2009,37,1972,8132
2009,38,1971,6244
2009,39,1970,4629
2009,40,1969,3168
2009,41,1968,2226
2009,42,1967,1429
2009,43,1966,879
2009,44,1965,486
2009,45,1964,265
2009,46,1963,116
2009,47,1962,49
2009,48,1961,23
2009,49,1960,11
2009,50,1959,1
2009,51,1958,1
2009,52,1957,0
2009,53,1956,1
2009,54,1955,1
2009,55+,1954-,0
2010,12-,1998+,2
2010,13,1997,1
2010,14,1996,18
2010,15,1995,134
2010,16,1994,705
2010,17,1993,1895
2010,18,1992,4057
2010,19,1991,7045
2010,20,1990,9647
2010,21,1989,12288
2010,22,1988,14341
2010,23,1987,16531
2010,24,1986,19576
2010,25,1985,24534
2010,26,1984,28546
2010,27,1983,32303
2010,28,1982,32525
2010,29,1981,30757
2010,30,1980,30325
2010,31,1979,27585
2010,32,1978,23941
2010,33,1977,20781
2010,34,1976,18205
2010,35,1975,14659
2010,36,1974,11670
2010,37,1973,9129
2010,38,1972,6703
2010,39,1971,4938
2010,40,1970,3480
2010,41,1969,2397
2010,42,1968,1504
2010,43,1967,908
2010,44,1966,512
2010,45,1965,274
2010,46,1964,124
2010,47,1963,53
2010,48,1962,17
2010,49,1961,3
2010,50,1960,1
2010,51,1959,1
2010,52,1958,0
2010,53,1957,0
2010,54,1956,0
2010,55+,1955-,0
2011,12-,1999+,0
2011,13,1998,3
2011,14,1997,15
2011,15,1996,119
2011,16,1995,503
2011,17,1994,1710
2011,18,1993,3656
2011,19,1992,6181
2011,20,1991,8505
2011,21,1990,10637
2011,22,1989,12670
2011,23,1988,15139
2011,24,1987,17566
2011,25,1986,21342
2011,26,1985,25868
2011,27,1984,29293
2011,28,1983,32027
2011,29,1982,30318
2011,30,1981,28207
2011,31,1980,26591
2011,32,1979,23618
2011,33,1978,20233
2011,34,1977,17259
2011,35,1976,14875
2011,36,1975,11798
2011,37,1974,8985
2011,38,1973,6805
2011,39,1972,4930
2011,40,1971,3460
2011,41,1970,2368
2011,42,1969,1605
2011,43,1968,915
2011,44,1967,510
2011,45,1966,244
2011,46,1965,134
2011,47,1964,52
2011,48,1963,15
2011,49,1962,5
2011,50,1961,3
2011,51,1960,1
2011,52,1959,1
2011,53,1958,0
2011,54,1957,0
2011,55+,1956-,1
2012,12-,2000+,0
2012,13,1999,3
2012,14,1998,22
2012,15,1997,130
2012,16,1996,559
2012,17,1995,1595
2012,18,1994,3590
2012,19,1993,6118
2012,20,1992,8312
2012,21,1991,10426
2012,22,1990,12025
2012,23,1989,14491
2012,24,1988,17307
2012,25,1987,20336
2012,26,1986,24252
2012,27,1985,28553
2012,28,1984,30980
2012,29,1983,31716
2012,30,1982,29462
2012,31,1981,26353
2012,32,1980,23991
2012,33,1979,20909
2012,34,1978,17553
2012,35,1977,14973
2012,36,1976,12459
2012,37,1975,9574
2012,38,1974,7240
2012,39,1973,5412
2012,40,1972,3803
2012,41,1971,2519
2012,42,1970,1618
2012,43,1969,937
2012,44,1968,519
2012,45,1967,259
2012,46,1966,130
2012,47,1965,48
2012,48,1964,20
2012,49,1963,5
2012,50,1962,3
2012,51,1961,1
2012,52,1960,0
2012,53,1959,0
2012,54,1958,1
2012,55+,1957-,0
2013,12-,2001+,0
2013,13,2000,1
2013,14,1999,13
2013,15,1998,107
2013,16,1997,507
2013,17,1996,1511
2013,18,1995,3129
2013,19,1994,5637
2013,20,1993,7480
2013,21,1992,9500
2013,22,1991,11269
2013,23,1990,13254
2013,24,1989,15882
2013,25,1988,18798
2013,26,1987,22301
2013,27,1986,25532
2013,28,1985,28622
2013,29,1984,29642
2013,30,1983,29624
2013,31,1982,26463
2013,32,1981,22803
2013,33,1980,20391
2013,34,1979,17437
2013,35,1978,14735
2013,36,1977,11947
2013,37,1976,9605
2013,38,1975,7200
2013,39,1974,5230
2013,40,1973,3973
2013,41,1972,2573
2013,42,1971,1654
2013,43,1970,951
2013,44,1969,530
2013,45,1968,261
2013,46,1967,128
2013,47,1966,57
2013,48,1965,20
2013,49,1964,10
2013,50,1963,5
2013,51,1962,2
2013,52,1961,0
2013,53,1960,0
2013,54,1959,0
2013,55+,1958-,0
2014,12-,2002+,0
2014,13,2001,1
2014,14,2000,20
2014,15,1999,111
2014,16,1998,482
2014,17,1997,1358
2014,18,1996,2964
2014,19,1995,4974
2014,20,1994,7231
2014,21,1993,8821
2014,22,1992,10530
2014,23,1991,12573
2014,24,1990,15291
2014,25,1989,18404
2014,26,1988,21759
2014,27,1987,24948
2014,28,1986,27798
2014,29,1985,29846
2014,30,1984,30049
2014,31,1983,28765
2014,32,1982,24955
2014,33,1981,21199
2014,34,1980,18605
2014,35,1979,15486
2014,36,1978,12857
2014,37,1977,10177
2014,38,1976,7950
2014,39,1975,6010
2014,40,1974,4149
2014,41,1973,2824
2014,42,1972,1735
2014,43,1971,1016
2014,44,1970,536
2014,45,1969,268
2014,46,1968,124
2014,47,1967,63
2014,48,1966,24
2014,49,1965,7
2014,50,1964,2
2014,51,1963,0
2014,52,1962,1
2014,53,1961,2
2014,54,1960,0
2014,55+,1959-,3
2015,12-,2003+,0
2015,13,2002,0
2015,14,2001,18
2015,15,2000,119
2015,16,1999,431
2015,17,1998,1225
2015,18,1997,2610
2015,19,1996,4701
2015,20,1995,6378
2015,21,1994,8350
2015,22,1993,9964
2015,23,1992,12017
2015,24,1991,14798
2015,25,1990,17679
2015,26,1989,21294
2015,27,1988,24365
2015,28,1987,26442
2015,29,1986,28300
2015,30,1985,29450
2015,31,1984,28338
2015,32,1983,26273
2015,33,1982,22671
2015,34,1981,18691
2015,35,1980,16130
2015,36,1979,13202
2015,37,1978,10244
2015,38,1977,8080
2015,39,1976,6161
2015,40,1975,4475
2015,41,1974,2919
2015,42,1973,1872
2015,43,1972,1047
2015,44,1971,584
2015,45,1970,296
2015,46,1969,122
2015,47,1968,52
2015,48,1967,32
2015,49,1966,5
2015,50,1965,6
2015,51,1964,0
2015,52,1963,0
2015,53,1962,0
2015,54,1961,2
2015,55+,1960-,0
2016,12-,2004+,1
2016,13,2003,1
2016,14,2002,17
2016,15,2001,107
2016,16,2000,399
2016,17,1999,1193
2016,18,1998,2371
2016,19,1997,4366
2016,20,1996,6204
2016,21,1995,7952
2016,22,1994,9775
2016,23,1993,11899
2016,24,1992,14382
2016,25,1991,18406
2016,26,1990,21836
2016,27,1989,24795
2016,28,1988,27448
2016,29,1987,28512
2016,30,1986,29527
2016,31,1985,29521
2016,32,1984,27299
2016,33,1983,25052
2016,34,1982,20786
2016,35,1981,17055
2016,36,1980,14462
2016,37,1979,11455
2016,38,1978,8804
2016,39,1977,6555
2016,40,1976,4811
2016,41,1975,3226
2016,42,1974,2184
2016,43,1973,1193
2016,44,1972,634
2016,45,1971,316
2016,46,1970,134
2016,47,1969,57
2016,48,1968,23
2016,49,1967,7
2016,50,1966,6
2016,51,1965,2
2016,52,1964,0
2016,53,1963,0
2016,54,1962,0
2016,55+,1961-,0
2017,12-,2005+,0
2017,13,2004,4
2017,14,2003,13
2017,15,2002,89
2017,16,2001,356
2017,17,2000,966
2017,18,1999,2130
2017,19,1998,3900
2017,20,1997,5785
2017,21,1996,7572
2017,22,1995,9679
2017,23,1994,12033
2017,24,1993,14951
2017,25,1992,18421
2017,26,1991,22717
2017,27,1990,26481
2017,28,1989,28351
2017,29,1988,30216
2017,30,1987,30342
2017,31,1986,30225
2017,32,1985,29222
2017,33,1984,26594
2017,34,1983,23824
2017,35,1982,19473
2017,36,1981,15535
2017,37,1980,12637
2017,38,1979,9887
2017,39,1978,7229
2017,40,1977,5400
2017,41,1976,3775
2017,42,1975,2291
2017,43,1974,1260
2017,44,1973,664
2017,45,1972,367
2017,46,1971,147
2017,47,1970,60
2017,48,1969,27
2017,49,1968,11
2017,50,1967,5
2017,51,1966,1
2017,52,1965,0
2017,53,1964,2
2017,54,1963,0
2017,55+,1962-,1
2018,12-,2006+,1
2018,13,2005,1
2018,14,2004,10
2018,15,2003,75
2018,16,2002,307
2018,17,2001,860
2018,18,2000,1980
2018,19,1999,3562
2018,20,1998,5195
2018,21,1997,7146
2018,22,1996,8793
2018,23,1995,10736
2018,24,1994,13922
2018,25,1993,17216
2018,26,1992,21479
2018,27,1991,25241
2018,28,1990,27934
2018,29,1989,28819
2018,30,1988,29386
2018,31,1987,28229
2018,32,1986,26968
2018,33,1985,25303
2018,34,1984,22768
2018,35,1983,20144
2018,36,1982,16248
2018,37,1981,12674
2018,38,1980,10076
2018,39,1979,7597
2018,40,1978,5580
2018,41,1977,3803
2018,42,1976,2448
2018,43,1975,1439
2018,44,1974,784
2018,45,1973,349
2018,46,1972,180
2018,47,1971,85
2018,48,1970,27
2018,49,1969,11
2018,50,1968,6
2018,51,1967,5
2018,52,1966,3
2018,53,1965,1
2018,54,1964,0
2018,55+,1963-,4
2019,12-,2007+,1
2019,13,2006,1
2019,14,2005,11
2019,15,2004,83
2019,16,2003,277
2019,17,2002,801
2019,18,2001,1676
2019,19,2000,3213
2019,20,1999,4715
2019,21,1998,6456
2019,22,1997,8111
2019,23,1996,10098
2019,24,1995,12784
2019,25,1994,16309
2019,26,1993,20013
2019,27,1992,23597
2019,28,1991,26915
2019,29,1990,28529
2019,30,1989,28157
2019,31,1988,27569
2019,32,1987,25438
2019,33,1986,23958
2019,34,1985,22238
2019,35,1984,19652
2019,36,1983,16787
2019,37,1982,13428
2019,38,1981,9880
2019,39,1980,7802
2019,40,1979,5883
2019,41,1978,3833
2019,42,1977,2534
2019,43,1976,1516
2019,44,1975,801
2019,45,1974,389
2019,46,1973,180
2019,47,1972,79
2019,48,1971,31
2019,49,1970,11
2019,50,1969,10
2019,51,1968,2
2019,52,1967,3
2019,53,1966,0
2019,54,1965,2
2019,55+,1964-,1
2020,12-,2008+,0
2020,13,2007,1
2020,14,2006,11
2020,15,2005,68
2020,16,2004,268
2020,17,2003,732
2020,18,2002,1487
2020,19,2001,2654
2020,20,2000,4171
2020,21,1999,5616
2020,22,1998,7167
2020,23,1997,9168
2020,24,1996,11626
2020,25,1995,14892
2020,26,1994,18864
2020,27,1993,22284
2020,28,1992,24811
2020,29,1991,27514
2020,30,1990,27685
2020,31,1989,26384
2020,32,1988,24721
2020,33,1987,22292
2020,34,1986,20364
2020,35,1985,18658
2020,36,1984,16289
2020,37,1983,13331
2020,38,1982,10347
2020,39,1981,7781
2020,40,1980,5810
2020,41,1979,4132
2020,42,1978,2548
2020,43,1977,1477
2020,44,1976,866
2020,45,1975,422
2020,46,1974,196
2020,47,1973,80
2020,48,1972,29
2020,49,1971,15
2020,50,1970,7
2020,51,1969,4
2020,52,1968,1
2020,53,1967,0
2020,54,1966,0
2020,55+,1965-,3
2021,12-,2009+,0
2021,13,2008,1
2021,14,2007,11
2021,15,2006,76
2021,16,2005,237
2021,17,2004,606
2021,18,2003,1195
2021,19,2002,2226
2021,20,2001,3454
2021,21,2000,4890
2021,22,1999,6373
2021,23,1998,8030
2021,24,1997,10492
2021,25,1996,13265
2021,26,1995,17036
2021,27,1994,20708
2021,28,1993,23034
2021,29,1992,25157
2021,30,1991,26228
2021,31,1990,25925
2021,32,1989,23417
2021,33,1988,21690
2021,34,1987,18987
2021,35,1986,16987
2021,36,1985,15379
2021,37,1984,12548
2021,38,1983,10217
2021,39,1982,7527
2021,40,1981,5501
2021,41,1980,3889
2021,42,1979,2568
2021,43,1978,1600
2021,44,1977,889
2021,45,1976,437
2021,46,1975,223
2021,47,1974,93
2021,48,1973,37
2021,49,1972,22
2021,50,1971,7
2021,51,1970,0
2021,52,1969,3
2021,53,1968,4
2021,54,1967,0
2021,55+,1966-,2
2022,12-,2010+,1
2022,13,2009,2
2022,14,2008,20
2022,15,2007,64
2022,16,2006,245
2022,17,2005,572
2022,18,2004,1080
2022,19,2003,1911
2022,20,2002,2960
2022,21,2001,4248
2022,22,2000,5757
2022,23,1999,7140
2022,24,1998,9298
2022,25,1997,12172
2022,26,1996,15635
2022,27,1995,18422
2022,28,1994,21499
2022,29,1993,23182
2022,30,1992,23587
2022,31,1991,23724
2022,32,1990,22470
2022,33,1989,19921
2022,34,1988,18094
2022,35,1987,15722
2022,36,1986,13623
2022,37,1985,11782
2022,38,1984,9351
2022,39,1983,7640
2022,40,1982,5399
2022,41,1981,3709
2022,42,1980,2504
2022,43,1979,1505
2022,44,1978,837
2022,45,1977,449
2022,46,1976,208
2022,47,1975,105
2022,48,1974,48
2022,49,1973,24
2022,50,1972,15
2022,51,1971,5
2022,52,1970,4
2022,53,1969,2
2022,54,1968,0
2022,55+,1967-,3
2023,12-,2011+,0
2023,13,2010,0
2023,14,2009,11
2023,15,2008,63
2023,16,2007,180
2023,17,2006,487
2023,18,2005,910
2023,19,2004,1816
2023,20,2003,2525
2023,21,2002,3502
2023,22,2001,4620
2023,23,2000,6164
2023,24,1999,7840
2023,25,1998,10424
2023,26,1997,13810
2023,27,1996,16274
2023,28,1995,18147
2023,29,1994,20484
2023,30,1993,21063
2023,31,1992,21211
2023,32,1991,20388
2023,33,1990,18581
2023,34,1989,16641
2023,35,1988,14572
2023,36,1987,12324
2023,37,1986,10379
2023,38,1985,8651
2023,39,1984,6984
2023,40,1983,5336
2023,41,1982,3712
2023,42,1981,2291
2023,43,1980,1446
2023,44,1979,856
2023,45,1978,422
2023,46,1977,220
2023,47,1976,114
2023,48,1975,46
2023,49,1974,38
2023,50,1973,17
2023,51,1972,10
2023,52,1971,5
2023,53,1970,1
2023,54,1969,1
2023,55+,1968-,1
,,,
