Year,ARDY,Cohort,ASFR
1971,12-,1959+,0
1971,13,1958,0
1971,14,1957,0.00004
1971,15,1956,0.00042
1971,16,1955,0.00217
1971,17,1954,0.0083
1971,18,1953,0.02584
1971,19,1952,0.06241
1971,20,1951,0.11322
1971,21,1950,0.15597
1971,22,1949,0.18059
1971,23,1948,0.186
1971,24,1947,0.17886
1971,25,1946,0.1633
1971,26,1945,0.14846
1971,27,1944,0.13646
1971,28,1943,0.12211
1971,29,1942,0.10892
1971,30,1941,0.09815
1971,31,1940,0.08695
1971,32,1939,0.07643
1971,33,1938,0.06697
1971,34,1937,0.05868
1971,35,1936,0.05172
1971,36,1935,0.04463
1971,37,1934,0.0384
1971,38,1933,0.03304
1971,39,1932,0.02759
1971,40,1931,0.02305
1971,41,1930,0.01807
1971,42,1929,0.01255
1971,43,1928,0.00808
1971,44,1927,0.00493
1971,45,1926,0.00275
1971,46,1925,0.00154
1971,47,1924,0.00089
1971,48,1923,0.00044
1971,49,1922,0.0002
1971,50,1921,0.00009
1971,51,1920,0.00004
1971,52,1919,0.00002
1971,53,1918,0.00001
1971,54,1917,0
1971,55+,1916-,0
1972,12-,1960+,0
1972,13,1959,0
1972,14,1958,0.00004
1972,15,1957,0.00039
1972,16,1956,0.00222
1972,17,1955,0.00841
1972,18,1954,0.02446
1972,19,1953,0.05706
1972,20,1952,0.1056
1972,21,1951,0.1509
1972,22,1950,0.17794
1972,23,1949,0.18756
1972,24,1948,0.18131
1972,25,1947,0.1676
1972,26,1946,0.15264
1972,27,1945,0.13364
1972,28,1944,0.12224
1972,29,1943,0.11086
1972,30,1942,0.09548
1972,31,1941,0.08478
1972,32,1940,0.07607
1972,33,1939,0.06726
1972,34,1938,0.05868
1972,35,1937,0.05073
1972,36,1936,0.04347
1972,37,1935,0.03772
1972,38,1934,0.03228
1972,39,1933,0.02672
1972,40,1932,0.02251
1972,41,1931,0.01805
1972,42,1930,0.01237
1972,43,1929,0.00768
1972,44,1928,0.00448
1972,45,1927,0.00244
1972,46,1926,0.00137
1972,47,1925,0.00079
1972,48,1924,0.00039
1972,49,1923,0.00018
1972,50,1922,0.00008
1972,51,1921,0.00004
1972,52,1920,0.00002
1972,53,1919,0.00001
1972,54,1918,0
1972,55+,1917-,0
1973,12-,1961+,0
1973,13,1960,0
1973,14,1959,0.00004
1973,15,1958,0.00038
1973,16,1957,0.00217
1973,17,1956,0.00858
1973,18,1955,0.02538
1973,19,1954,0.05921
1973,20,1953,0.10612
1973,21,1952,0.14942
1973,22,1951,0.17964
1973,23,1950,0.1872
1973,24,1949,0.18214
1973,25,1948,0.16971
1973,26,1947,0.15382
1973,27,1946,0.13735
1973,28,1945,0.12074
1973,29,1944,0.1103
1973,30,1943,0.09922
1973,31,1942,0.08564
1973,32,1941,0.07475
1973,33,1940,0.0667
1973,34,1939,0.05974
1973,35,1938,0.05118
1973,36,1937,0.04387
1973,37,1936,0.03767
1973,38,1935,0.03193
1973,39,1934,0.02633
1973,40,1933,0.02207
1973,41,1932,0.01759
1973,42,1931,0.01204
1973,43,1930,0.00754
1973,44,1929,0.00444
1973,45,1928,0.00249
1973,46,1927,0.00144
1973,47,1926,0.00083
1973,48,1925,0.00042
1973,49,1924,0.0002
1973,50,1923,0.00009
1973,51,1922,0.00004
1973,52,1921,0.00002
1973,53,1920,0.00001
1973,54,1919,0
1973,55+,1918-,0
1974,12-,1962+,0
1974,13,1961,0
1974,14,1960,0.00004
1974,15,1959,0.00043
1974,16,1958,0.00239
1974,17,1957,0.00908
1974,18,1956,0.02669
1974,19,1955,0.06188
1974,20,1954,0.10958
1974,21,1953,0.15003
1974,22,1952,0.17894
1974,23,1951,0.18995
1974,24,1950,0.18327
1974,25,1949,0.17073
1974,26,1948,0.15529
1974,27,1947,0.13948
1974,28,1946,0.12304
1974,29,1945,0.10819
1974,30,1944,0.09924
1974,31,1943,0.08712
1974,32,1942,0.07344
1974,33,1941,0.0651
1974,34,1940,0.05768
1974,35,1939,0.05037
1974,36,1938,0.0438
1974,37,1937,0.03679
1974,38,1936,0.03059
1974,39,1935,0.02585
1974,40,1934,0.02206
1974,41,1933,0.0174
1974,42,1932,0.01186
1974,43,1931,0.00745
1974,44,1930,0.00441
1974,45,1929,0.00251
1974,46,1928,0.00148
1974,47,1927,0.00085
1974,48,1926,0.00043
1974,49,1925,0.0002
1974,50,1924,0.00009
1974,51,1923,0.00004
1974,52,1922,0.00002
1974,53,1921,0.00001
1974,54,1920,0
1974,55+,1919-,0
1975,12-,1963+,0
1975,13,1962,0
1975,14,1961,0.00005
1975,15,1960,0.0005
1975,16,1959,0.00264
1975,17,1958,0.00981
1975,18,1957,0.02812
1975,19,1956,0.06384
1975,20,1955,0.1115
1975,21,1954,0.15215
1975,22,1953,0.17878
1975,23,1952,0.18866
1975,24,1951,0.18609
1975,25,1950,0.17353
1975,26,1949,0.15825
1975,27,1948,0.14086
1975,28,1947,0.12493
1975,29,1946,0.11043
1975,30,1945,0.09689
1975,31,1944,0.08805
1975,32,1943,0.07629
1975,33,1942,0.06434
1975,34,1941,0.05698
1975,35,1940,0.05038
1975,36,1939,0.04303
1975,37,1938,0.03643
1975,38,1937,0.03058
1975,39,1936,0.02511
1975,40,1935,0.02009
1975,41,1934,0.01537
1975,42,1933,0.01128
1975,43,1932,0.00783
1975,44,1931,0.00535
1975,45,1930,0.00289
1975,46,1929,0.00133
1975,47,1928,0.00068
1975,48,1927,0.00032
1975,49,1926,0.00015
1975,50,1925,0.00007
1975,51,1924,0.00003
1975,52,1923,0.00001
1975,53,1922,0.00001
1975,54,1921,0
1975,55+,1920-,0
1976,12-,1964+,0
1976,13,1963,0
1976,14,1962,0.00004
1976,15,1961,0.00047
1976,16,1960,0.00287
1976,17,1959,0.01079
1976,18,1958,0.02973
1976,19,1957,0.06587
1976,20,1956,0.11411
1976,21,1955,0.15619
1976,22,1954,0.1847
1976,23,1953,0.19308
1976,24,1952,0.18862
1976,25,1951,0.17818
1976,26,1950,0.16183
1976,27,1949,0.14404
1976,28,1948,0.1263
1976,29,1947,0.11131
1976,30,1946,0.09769
1976,31,1945,0.08522
1976,32,1944,0.0772
1976,33,1943,0.06712
1976,34,1942,0.05655
1976,35,1941,0.04917
1976,36,1940,0.04241
1976,37,1939,0.03625
1976,38,1938,0.02976
1976,39,1937,0.02401
1976,40,1936,0.01884
1976,41,1935,0.01439
1976,42,1934,0.01085
1976,43,1933,0.0075
1976,44,1932,0.00478
1976,45,1931,0.00259
1976,46,1930,0.00127
1976,47,1929,0.00066
1976,48,1928,0.00032
1976,49,1927,0.00015
1976,50,1926,0.00007
1976,51,1925,0.00003
1976,52,1924,0.00002
1976,53,1923,0.00001
1976,54,1922,0
1976,55+,1921-,0
1977,12-,1965+,0
1977,13,1964,0
1977,14,1963,0.00004
1977,15,1962,0.00049
1977,16,1961,0.00289
1977,17,1960,0.01094
1977,18,1959,0.03018
1977,19,1958,0.06572
1977,20,1957,0.11225
1977,21,1956,0.15316
1977,22,1955,0.17966
1977,23,1954,0.18893
1977,24,1953,0.1844
1977,25,1952,0.17203
1977,26,1951,0.15641
1977,27,1950,0.13946
1977,28,1949,0.12417
1977,29,1948,0.10838
1977,30,1947,0.09352
1977,31,1946,0.08133
1977,32,1945,0.07083
1977,33,1944,0.06416
1977,34,1943,0.05546
1977,35,1942,0.04544
1977,36,1941,0.03929
1977,37,1940,0.03395
1977,38,1939,0.02794
1977,39,1938,0.02256
1977,40,1937,0.01779
1977,41,1936,0.01335
1977,42,1935,0.00989
1977,43,1934,0.00678
1977,44,1933,0.00414
1977,45,1932,0.00238
1977,46,1931,0.00137
1977,47,1930,0.00075
1977,48,1929,0.00037
1977,49,1928,0.00018
1977,50,1927,0.00008
1977,51,1926,0.00004
1977,52,1925,0.00002
1977,53,1924,0.00001
1977,54,1923,0
1977,55+,1922-,0
1978,12-,1966+,0
1978,13,1965,0
1978,14,1964,0.00004
1978,15,1963,0.00046
1978,16,1962,0.0028
1978,17,1961,0.01072
1978,18,1960,0.02989
1978,19,1959,0.06577
1978,20,1958,0.11337
1978,21,1957,0.15342
1978,22,1956,0.17911
1978,23,1955,0.18787
1978,24,1954,0.18353
1978,25,1953,0.17209
1978,26,1952,0.15657
1978,27,1951,0.13936
1978,28,1950,0.122
1978,29,1949,0.10726
1978,30,1948,0.09429
1978,31,1947,0.08127
1978,32,1946,0.06968
1978,33,1945,0.06038
1978,34,1944,0.05412
1978,35,1943,0.04583
1978,36,1942,0.03684
1978,37,1941,0.03129
1978,38,1940,0.02675
1978,39,1939,0.02175
1978,40,1938,0.01634
1978,41,1937,0.01205
1978,42,1936,0.00892
1978,43,1935,0.00608
1978,44,1934,0.00381
1978,45,1933,0.00216
1978,46,1932,0.00114
1978,47,1931,0.00061
1978,48,1930,0.0003
1978,49,1929,0.00014
1978,50,1928,0.00007
1978,51,1927,0.00003
1978,52,1926,0.00002
1978,53,1925,0.00001
1978,54,1924,0
1978,55+,1923-,0
1979,12-,1967+,0
1979,13,1966,0
1979,14,1965,0.00004
1979,15,1964,0.00049
1979,16,1963,0.00281
1979,17,1962,0.01052
1979,18,1961,0.02952
1979,19,1960,0.0667
1979,20,1959,0.11669
1979,21,1958,0.15775
1979,22,1957,0.18399
1979,23,1956,0.19347
1979,24,1955,0.18846
1979,25,1954,0.17679
1979,26,1953,0.16091
1979,27,1952,0.14388
1979,28,1951,0.12683
1979,29,1950,0.1096
1979,30,1949,0.09594
1979,31,1948,0.08304
1979,32,1947,0.07189
1979,33,1946,0.06153
1979,34,1945,0.05221
1979,35,1944,0.04655
1979,36,1943,0.03964
1979,37,1942,0.0319
1979,38,1941,0.02567
1979,39,1940,0.02122
1979,40,1939,0.01689
1979,41,1938,0.01215
1979,42,1937,0.00884
1979,43,1936,0.00611
1979,44,1935,0.00361
1979,45,1934,0.00203
1979,46,1933,0.00118
1979,47,1932,0.00065
1979,48,1931,0.00033
1979,49,1930,0.00016
1979,50,1929,0.00007
1979,51,1928,0.00003
1979,52,1927,0.00002
1979,53,1926,0.00001
1979,54,1925,0
1979,55+,1924-,0
1980,12-,1968+,0
1980,13,1967,0
1980,14,1966,0.00005
1980,15,1965,0.00051
1980,16,1964,0.00274
1980,17,1963,0.01028
1980,18,1962,0.02962
1980,19,1961,0.06512
1980,20,1960,0.11522
1980,21,1959,0.16092
1980,22,1958,0.18737
1980,23,1957,0.19551
1980,24,1956,0.19157
1980,25,1955,0.17842
1980,26,1954,0.16225
1980,27,1953,0.14414
1980,28,1952,0.12608
1980,29,1951,0.11084
1980,30,1950,0.0964
1980,31,1949,0.08319
1980,32,1948,0.07124
1980,33,1947,0.06077
1980,34,1946,0.05241
1980,35,1945,0.04474
1980,36,1944,0.0387
1980,37,1943,0.03202
1980,38,1942,0.02496
1980,39,1941,0.02016
1980,40,1940,0.01619
1980,41,1939,0.01202
1980,42,1938,0.00832
1980,43,1937,0.00561
1980,44,1936,0.00351
1980,45,1935,0.002
1980,46,1934,0.0011
1980,47,1933,0.0006
1980,48,1932,0.0003
1980,49,1931,0.00014
1980,50,1930,0.00007
1980,51,1929,0.00003
1980,52,1928,0.00002
1980,53,1927,0.00001
1980,54,1926,0
1980,55+,1925-,0
1981,12-,1969+,0
1981,13,1968,0
1981,14,1967,0.00005
1981,15,1966,0.00051
1981,16,1965,0.00284
1981,17,1964,0.01042
1981,18,1963,0.02851
1981,19,1962,0.06364
1981,20,1961,0.11219
1981,21,1960,0.15524
1981,22,1959,0.18607
1981,23,1958,0.19605
1981,24,1957,0.19027
1981,25,1956,0.17645
1981,26,1955,0.15868
1981,27,1954,0.14108
1981,28,1953,0.12351
1981,29,1952,0.10802
1981,30,1951,0.09469
1981,31,1950,0.08103
1981,32,1949,0.06918
1981,33,1948,0.05995
1981,34,1947,0.05125
1981,35,1946,0.04319
1981,36,1945,0.03631
1981,37,1944,0.03159
1981,38,1943,0.02576
1981,39,1942,0.01954
1981,40,1941,0.01552
1981,41,1940,0.01209
1981,42,1939,0.00843
1981,43,1938,0.00541
1981,44,1937,0.00339
1981,45,1936,0.00182
1981,46,1935,0.00092
1981,47,1934,0.00049
1981,48,1933,0.00025
1981,49,1932,0.00012
1981,50,1931,0.00006
1981,51,1930,0.00003
1981,52,1929,0.00001
1981,53,1928,0.00001
1981,54,1927,0
1981,55+,1926-,0
1982,12-,1970+,0
1982,13,1969,0
1982,14,1968,0.00004
1982,15,1967,0.0005
1982,16,1966,0.00313
1982,17,1965,0.01164
1982,18,1964,0.03138
1982,19,1963,0.06796
1982,20,1962,0.11746
1982,21,1961,0.16092
1982,22,1960,0.19179
1982,23,1959,0.20462
1982,24,1958,0.19868
1982,25,1957,0.18329
1982,26,1956,0.16382
1982,27,1955,0.14482
1982,28,1954,0.12751
1982,29,1953,0.11116
1982,30,1952,0.09773
1982,31,1951,0.08517
1982,32,1950,0.07299
1982,33,1949,0.06332
1982,34,1948,0.05449
1982,35,1947,0.04667
1982,36,1946,0.0397
1982,37,1945,0.03311
1982,38,1944,0.028
1982,39,1943,0.02221
1982,40,1942,0.01679
1982,41,1941,0.0126
1982,42,1940,0.00887
1982,43,1939,0.00607
1982,44,1938,0.00356
1982,45,1937,0.00188
1982,46,1936,0.00104
1982,47,1935,0.00057
1982,48,1934,0.00029
1982,49,1933,0.00014
1982,50,1932,0.00007
1982,51,1931,0.00003
1982,52,1930,0.00002
1982,53,1929,0.00001
1982,54,1928,0
1982,55+,1927-,0
1983,12-,1971+,0
1983,13,1970,0
1983,14,1969,0.00005
1983,15,1968,0.00058
1983,16,1967,0.00338
1983,17,1966,0.01208
1983,18,1965,0.03229
1983,19,1964,0.06959
1983,20,1963,0.11844
1983,21,1962,0.16326
1983,22,1961,0.19442
1983,23,1960,0.20726
1983,24,1959,0.20692
1983,25,1958,0.19416
1983,26,1957,0.17518
1983,27,1956,0.15534
1983,28,1955,0.13521
1983,29,1954,0.11859
1983,30,1953,0.10428
1983,31,1952,0.08943
1983,32,1951,0.07668
1983,33,1950,0.06579
1983,34,1949,0.05573
1983,35,1948,0.04729
1983,36,1947,0.03962
1983,37,1946,0.03213
1983,38,1945,0.0264
1983,39,1944,0.022
1983,40,1943,0.01666
1983,41,1942,0.01166
1983,42,1941,0.0081
1983,43,1940,0.0055
1983,44,1939,0.00342
1983,45,1938,0.00177
1983,46,1937,0.00087
1983,47,1936,0.00046
1983,48,1935,0.00023
1983,49,1934,0.00011
1983,50,1933,0.00006
1983,51,1932,0.00003
1983,52,1931,0.00001
1983,53,1930,0.00001
1983,54,1929,0
1983,55+,1928-,0
1984,12-,1972+,0
1984,13,1971,0
1984,14,1970,0.00006
1984,15,1969,0.00064
1984,16,1968,0.0037
1984,17,1967,0.01311
1984,18,1966,0.03413
1984,19,1965,0.0716
1984,20,1964,0.12005
1984,21,1963,0.16194
1984,22,1962,0.19126
1984,23,1961,0.20295
1984,24,1960,0.20147
1984,25,1959,0.19024
1984,26,1958,0.17203
1984,27,1957,0.15148
1984,28,1956,0.13175
1984,29,1955,0.1158
1984,30,1954,0.10208
1984,31,1953,0.08752
1984,32,1952,0.07469
1984,33,1951,0.06485
1984,34,1950,0.05598
1984,35,1949,0.04732
1984,36,1948,0.03915
1984,37,1947,0.03185
1984,38,1946,0.02552
1984,39,1945,0.0202
1984,40,1944,0.01587
1984,41,1943,0.01143
1984,42,1942,0.00786
1984,43,1941,0.00525
1984,44,1940,0.00315
1984,45,1939,0.00176
1984,46,1938,0.00095
1984,47,1937,0.00052
1984,48,1936,0.00026
1984,49,1935,0.00013
1984,50,1934,0.00006
1984,51,1933,0.00003
1984,52,1932,0.00002
1984,53,1931,0.00001
1984,54,1930,0
1984,55+,1929-,0
1985,12-,1973+,0.00001
1985,13,1972,0.00002
1985,14,1971,0.0001
1985,15,1970,0.0007
1985,16,1969,0.00343
1985,17,1968,0.01287
1985,18,1967,0.03268
1985,19,1966,0.07115
1985,20,1965,0.12067
1985,21,1964,0.1624
1985,22,1963,0.18707
1985,23,1962,0.20117
1985,24,1961,0.19765
1985,25,1960,0.18465
1985,26,1959,0.17112
1985,27,1958,0.14922
1985,28,1957,0.13099
1985,29,1956,0.11272
1985,30,1955,0.09929
1985,31,1954,0.08487
1985,32,1953,0.07414
1985,33,1952,0.06192
1985,34,1951,0.05385
1985,35,1950,0.04632
1985,36,1949,0.03851
1985,37,1948,0.03222
1985,38,1947,0.0255
1985,39,1946,0.01912
1985,40,1945,0.01515
1985,41,1944,0.01094
1985,42,1943,0.00791
1985,43,1942,0.00469
1985,44,1941,0.00267
1985,45,1940,0.0018
1985,46,1939,0.00093
1985,47,1938,0.00048
1985,48,1937,0.00024
1985,49,1936,0.0001
1985,50,1935,0.00003
1985,51,1934,0.00001
1985,52,1933,0
1985,53,1932,0.00001
1985,54,1931,0
1985,55+,1930-,0.00001
1986,12-,1974+,0
1986,13,1973,0.00002
1986,14,1972,0.00012
1986,15,1971,0.00059
1986,16,1970,0.00301
1986,17,1969,0.012
1986,18,1968,0.03136
1986,19,1967,0.06848
1986,20,1966,0.11647
1986,21,1965,0.1573
1986,22,1964,0.18249
1986,23,1963,0.18931
1986,24,1962,0.18769
1986,25,1961,0.17702
1986,26,1960,0.16028
1986,27,1959,0.14572
1986,28,1958,0.12515
1986,29,1957,0.10923
1986,30,1956,0.09321
1986,31,1955,0.07997
1986,32,1954,0.06863
1986,33,1953,0.0601
1986,34,1952,0.05073
1986,35,1951,0.04353
1986,36,1950,0.03616
1986,37,1949,0.03106
1986,38,1948,0.02405
1986,39,1947,0.01919
1986,40,1946,0.01369
1986,41,1945,0.01081
1986,42,1944,0.00739
1986,43,1943,0.00491
1986,44,1942,0.00266
1986,45,1941,0.00139
1986,46,1940,0.00083
1986,47,1939,0.00042
1986,48,1938,0.00015
1986,49,1937,0.00014
1986,50,1936,0.00005
1986,51,1935,0.00001
1986,52,1934,0.00001
1986,53,1933,0
1986,54,1932,0
1986,55+,1931-,0
1987,12-,1975+,0
1987,13,1974,0.00001
1987,14,1973,0.00013
1987,15,1972,0.00066
1987,16,1971,0.00297
1987,17,1970,0.01217
1987,18,1969,0.03115
1987,19,1968,0.0682
1987,20,1967,0.11617
1987,21,1966,0.15483
1987,22,1965,0.1798
1987,23,1964,0.18776
1987,24,1963,0.18162
1987,25,1962,0.1717
1987,26,1961,0.15514
1987,27,1960,0.13893
1987,28,1959,0.122
1987,29,1958,0.1051
1987,30,1957,0.09169
1987,31,1956,0.07687
1987,32,1955,0.06721
1987,33,1954,0.05682
1987,34,1953,0.04863
1987,35,1952,0.04133
1987,36,1951,0.03494
1987,37,1950,0.02872
1987,38,1949,0.02375
1987,39,1948,0.0182
1987,40,1947,0.01396
1987,41,1946,0.00989
1987,42,1945,0.00722
1987,43,1944,0.00488
1987,44,1943,0.00266
1987,45,1942,0.00135
1987,46,1941,0.00075
1987,47,1940,0.00043
1987,48,1939,0.00017
1987,49,1938,0.00008
1987,50,1937,0.00006
1987,51,1936,0.00003
1987,52,1935,0
1987,53,1934,0
1987,54,1933,0.00001
1987,55+,1932-,0
1988,12-,1976+,0
1988,13,1975,0.00002
1988,14,1974,0.00011
1988,15,1973,0.00062
1988,16,1972,0.00301
1988,17,1971,0.01163
1988,18,1970,0.0312
1988,19,1969,0.06964
1988,20,1968,0.11482
1988,21,1967,0.15498
1988,22,1966,0.17943
1988,23,1965,0.18829
1988,24,1964,0.18186
1988,25,1963,0.16972
1988,26,1962,0.15531
1988,27,1961,0.13994
1988,28,1960,0.12008
1988,29,1959,0.10664
1988,30,1958,0.09079
1988,31,1957,0.07876
1988,32,1956,0.06628
1988,33,1955,0.05696
1988,34,1954,0.04808
1988,35,1953,0.04063
1988,36,1952,0.03382
1988,37,1951,0.02844
1988,38,1950,0.02279
1988,39,1949,0.01841
1988,40,1948,0.01358
1988,41,1947,0.00989
1988,42,1946,0.00675
1988,43,1945,0.00432
1988,44,1944,0.00269
1988,45,1943,0.00151
1988,46,1942,0.0007
1988,47,1941,0.00029
1988,48,1940,0.00021
1988,49,1939,0.00007
1988,50,1938,0.00003
1988,51,1937,0.00002
1988,52,1936,0
1988,53,1935,0
1988,54,1934,0
1988,55+,1933-,0.00001
1989,12-,1977+,0
1989,13,1976,0.00002
1989,14,1975,0.00009
1989,15,1974,0.0007
1989,16,1973,0.00308
1989,17,1972,0.01186
1989,18,1971,0.03065
1989,19,1970,0.0676
1989,20,1969,0.11598
1989,21,1968,0.15202
1989,22,1967,0.17975
1989,23,1966,0.18676
1989,24,1965,0.1807
1989,25,1964,0.16817
1989,26,1963,0.15226
1989,27,1962,0.13443
1989,28,1961,0.11859
1989,29,1960,0.10271
1989,30,1959,0.08906
1989,31,1958,0.07627
1989,32,1957,0.06439
1989,33,1956,0.05431
1989,34,1955,0.04557
1989,35,1954,0.03885
1989,36,1953,0.0326
1989,37,1952,0.02672
1989,38,1951,0.0219
1989,39,1950,0.01709
1989,40,1949,0.01299
1989,41,1948,0.00919
1989,42,1947,0.00638
1989,43,1946,0.004
1989,44,1945,0.00249
1989,45,1944,0.00142
1989,46,1943,0.00076
1989,47,1942,0.00029
1989,48,1941,0.00015
1989,49,1940,0.0001
1989,50,1939,0.00004
1989,51,1938,0
1989,52,1937,0
1989,53,1936,0
1989,54,1935,0
1989,55+,1934-,0
1990,12-,1978+,0.00001
1990,13,1977,0.00002
1990,14,1976,0.00015
1990,15,1975,0.00065
1990,16,1974,0.00353
1990,17,1973,0.01239
1990,18,1972,0.03185
1990,19,1971,0.06858
1990,20,1970,0.11352
1990,21,1969,0.15467
1990,22,1968,0.17538
1990,23,1967,0.18382
1990,24,1966,0.17742
1990,25,1965,0.16418
1990,26,1964,0.14729
1990,27,1963,0.13093
1990,28,1962,0.11372
1990,29,1961,0.09969
1990,30,1960,0.08585
1990,31,1959,0.07393
1990,32,1958,0.06251
1990,33,1957,0.05447
1990,34,1956,0.04509
1990,35,1955,0.03855
1990,36,1954,0.03195
1990,37,1953,0.02644
1990,38,1952,0.02119
1990,39,1951,0.01724
1990,40,1950,0.01339
1990,41,1949,0.00939
1990,42,1948,0.00662
1990,43,1947,0.00417
1990,44,1946,0.00226
1990,45,1945,0.00125
1990,46,1944,0.00052
1990,47,1943,0.00022
1990,48,1942,0.00013
1990,49,1941,0.00004
1990,50,1940,0.00006
1990,51,1939,0
1990,52,1938,0.00001
1990,53,1937,0.00001
1990,54,1936,0
1990,55+,1935-,0
1991,12-,1979+,0
1991,13,1978,0.00001
1991,14,1977,0.00012
1991,15,1976,0.00073
1991,16,1975,0.00364
1991,17,1974,0.01282
1991,18,1973,0.03264
1991,19,1972,0.06781
1991,20,1971,0.1117
1991,21,1970,0.14918
1991,22,1969,0.17573
1991,23,1968,0.18044
1991,24,1967,0.17613
1991,25,1966,0.16425
1991,26,1965,0.14796
1991,27,1964,0.13069
1991,28,1963,0.11538
1991,29,1962,0.09886
1991,30,1961,0.08742
1991,31,1960,0.07539
1991,32,1959,0.06483
1991,33,1958,0.05445
1991,34,1957,0.04649
1991,35,1956,0.0388
1991,36,1955,0.03268
1991,37,1954,0.02704
1991,38,1953,0.02239
1991,39,1952,0.01661
1991,40,1951,0.01345
1991,41,1950,0.0098
1991,42,1949,0.00658
1991,43,1948,0.00422
1991,44,1947,0.00254
1991,45,1946,0.00114
1991,46,1945,0.00056
1991,47,1944,0.0003
1991,48,1943,0.0001
1991,49,1942,0.00007
1991,50,1941,0.00005
1991,51,1940,0.00001
1991,52,1939,0
1991,53,1938,0
1991,54,1937,0
1991,55+,1936-,0.00001
1992,12-,1980+,0
1992,13,1979,0.00004
1992,14,1978,0.00014
1992,15,1977,0.00067
1992,16,1976,0.00332
1992,17,1975,0.01172
1992,18,1974,0.02957
1992,19,1973,0.06157
1992,20,1972,0.10092
1992,21,1971,0.13329
1992,22,1970,0.15844
1992,23,1969,0.16892
1992,24,1968,0.16344
1992,25,1967,0.15633
1992,26,1966,0.14212
1992,27,1965,0.12552
1992,28,1964,0.11056
1992,29,1963,0.09688
1992,30,1962,0.0845
1992,31,1961,0.0728
1992,32,1960,0.06211
1992,33,1959,0.05334
1992,34,1958,0.04489
1992,35,1957,0.03889
1992,36,1956,0.0321
1992,37,1955,0.0262
1992,38,1954,0.02157
1992,39,1953,0.01681
1992,40,1952,0.01294
1992,41,1951,0.00942
1992,42,1950,0.00644
1992,43,1949,0.00406
1992,44,1948,0.00239
1992,45,1947,0.00127
1992,46,1946,0.00051
1992,47,1945,0.00027
1992,48,1944,0.00012
1992,49,1943,0.00008
1992,50,1942,0.00003
1992,51,1941,0.00002
1992,52,1940,0.00001
1992,53,1939,0.00001
1992,54,1938,0
1992,55+,1937-,0.00002
1993,12-,1981+,0.00001
1993,13,1980,0.00002
1993,14,1979,0.00014
1993,15,1978,0.00065
1993,16,1977,0.00307
1993,17,1976,0.01101
1993,18,1975,0.02751
1993,19,1974,0.05659
1993,20,1973,0.09168
1993,21,1972,0.12014
1993,22,1971,0.14395
1993,23,1970,0.15344
1993,24,1969,0.15476
1993,25,1968,0.1479
1993,26,1967,0.1357
1993,27,1966,0.12233
1993,28,1965,0.10853
1993,29,1964,0.09532
1993,30,1963,0.08339
1993,31,1962,0.07151
1993,32,1961,0.06286
1993,33,1960,0.0535
1993,34,1959,0.04608
1993,35,1958,0.03925
1993,36,1957,0.03367
1993,37,1956,0.02761
1993,38,1955,0.02216
1993,39,1954,0.0175
1993,40,1953,0.01373
1993,41,1952,0.00986
1993,42,1951,0.00689
1993,43,1950,0.00451
1993,44,1949,0.0026
1993,45,1948,0.00117
1993,46,1947,0.0006
1993,47,1946,0.00032
1993,48,1945,0.00007
1993,49,1944,0.00006
1993,50,1943,0.00002
1993,51,1942,0.00001
1993,52,1941,0.00002
1993,53,1940,0.00001
1993,54,1939,0
1993,55+,1938-,0
1994,12-,1982+,0
1994,13,1981,0.00001
1994,14,1980,0.00009
1994,15,1979,0.00064
1994,16,1978,0.00297
1994,17,1977,0.01
1994,18,1976,0.02495
1994,19,1975,0.05097
1994,20,1974,0.08337
1994,21,1973,0.11011
1994,22,1972,0.12981
1994,23,1971,0.14136
1994,24,1970,0.14324
1994,25,1969,0.14019
1994,26,1968,0.13039
1994,27,1967,0.1191
1994,28,1966,0.10618
1994,29,1965,0.09378
1994,30,1964,0.08194
1994,31,1963,0.07153
1994,32,1962,0.0626
1994,33,1961,0.05374
1994,34,1960,0.04656
1994,35,1959,0.03982
1994,36,1958,0.03346
1994,37,1957,0.02794
1994,38,1956,0.02295
1994,39,1955,0.01792
1994,40,1954,0.01427
1994,41,1953,0.01058
1994,42,1952,0.0068
1994,43,1951,0.00427
1994,44,1950,0.00269
1994,45,1949,0.00124
1994,46,1948,0.00063
1994,47,1947,0.00024
1994,48,1946,0.00008
1994,49,1945,0.00005
1994,50,1944,0.00001
1994,51,1943,0.00001
1994,52,1942,0
1994,53,1941,0.00001
1994,54,1940,0
1994,55+,1939-,0.00001
1995,12-,1983+,0
1995,13,1982,0.00002
1995,14,1981,0.00008
1995,15,1980,0.00049
1995,16,1979,0.0026
1995,17,1978,0.00913
1995,18,1977,0.02303
1995,19,1976,0.04662
1995,20,1975,0.07423
1995,21,1974,0.10053
1995,22,1973,0.11896
1995,23,1972,0.12834
1995,24,1971,0.13269
1995,25,1970,0.13093
1995,26,1969,0.12511
1995,27,1968,0.11232
1995,28,1967,0.1019
1995,29,1966,0.08963
1995,30,1965,0.07914
1995,31,1964,0.06822
1995,32,1963,0.05871
1995,33,1962,0.05111
1995,34,1961,0.04396
1995,35,1960,0.03738
1995,36,1959,0.03112
1995,37,1958,0.02592
1995,38,1957,0.02127
1995,39,1956,0.01663
1995,40,1955,0.01284
1995,41,1954,0.00925
1995,42,1953,0.00638
1995,43,1952,0.00371
1995,44,1951,0.0022
1995,45,1950,0.00112
1995,46,1949,0.00054
1995,47,1948,0.00026
1995,48,1947,0.00008
1995,49,1946,0.00001
1995,50,1945,0.00002
1995,51,1944,0
1995,52,1943,0
1995,53,1942,0
1995,54,1941,0
1995,55+,1940-,0
1996,12-,1984+,0.00001
1996,13,1983,0.00001
1996,14,1982,0.0001
1996,15,1981,0.00042
1996,16,1980,0.00248
1996,17,1979,0.00846
1996,18,1978,0.02123
1996,19,1977,0.04383
1996,20,1976,0.06949
1996,21,1975,0.09255
1996,22,1974,0.11132
1996,23,1973,0.12088
1996,24,1972,0.12431
1996,25,1971,0.12544
1996,26,1970,0.12022
1996,27,1969,0.11191
1996,28,1968,0.09945
1996,29,1967,0.08818
1996,30,1966,0.07903
1996,31,1965,0.06783
1996,32,1964,0.05884
1996,33,1963,0.05018
1996,34,1962,0.0432
1996,35,1961,0.03724
1996,36,1960,0.0311
1996,37,1959,0.02616
1996,38,1958,0.02099
1996,39,1957,0.01638
1996,40,1956,0.01246
1996,41,1955,0.00876
1996,42,1954,0.00596
1996,43,1953,0.00395
1996,44,1952,0.00206
1996,45,1951,0.00106
1996,46,1950,0.00053
1996,47,1949,0.00027
1996,48,1948,0.00008
1996,49,1947,0.00003
1996,50,1946,0.00001
1996,51,1945,0
1996,52,1944,0
1996,53,1943,0
1996,54,1942,0
1996,55+,1941-,0
1997,12-,1985+,0
1997,13,1984,0.00002
1997,14,1983,0.00007
1997,15,1982,0.0005
1997,16,1981,0.00225
1997,17,1980,0.00819
1997,18,1979,0.01985
1997,19,1978,0.03995
1997,20,1977,0.06478
1997,21,1976,0.08465
1997,22,1975,0.10201
1997,23,1974,0.11287
1997,24,1973,0.11792
1997,25,1972,0.11716
1997,26,1971,0.11442
1997,27,1970,0.10647
1997,28,1969,0.09782
1997,29,1968,0.08665
1997,30,1967,0.07591
1997,31,1966,0.06593
1997,32,1965,0.05852
1997,33,1964,0.04838
1997,34,1963,0.04236
1997,35,1962,0.03577
1997,36,1961,0.03044
1997,37,1960,0.02457
1997,38,1959,0.02012
1997,39,1958,0.01614
1997,40,1957,0.0119
1997,41,1956,0.00861
1997,42,1955,0.00559
1997,43,1954,0.00371
1997,44,1953,0.00214
1997,45,1952,0.00103
1997,46,1951,0.00047
1997,47,1950,0.00021
1997,48,1949,0.00004
1997,49,1948,0.00002
1997,50,1947,0.00001
1997,51,1946,0
1997,52,1945,0
1997,53,1944,0
1997,54,1943,0.00001
1997,55+,1942-,0
1998,12-,1986+,0.00001
1998,13,1985,0
1998,14,1984,0.00007
1998,15,1983,0.00042
1998,16,1982,0.00225
1998,17,1981,0.00755
1998,18,1980,0.01943
1998,19,1979,0.03905
1998,20,1978,0.05925
1998,21,1977,0.07789
1998,22,1976,0.09309
1998,23,1975,0.10309
1998,24,1974,0.1101
1998,25,1973,0.11089
1998,26,1972,0.10992
1998,27,1971,0.10254
1998,28,1970,0.09281
1998,29,1969,0.08474
1998,30,1968,0.07391
1998,31,1967,0.06431
1998,32,1966,0.05639
1998,33,1965,0.04793
1998,34,1964,0.0416
1998,35,1963,0.035
1998,36,1962,0.02916
1998,37,1961,0.02385
1998,38,1960,0.01918
1998,39,1959,0.01542
1998,40,1958,0.01086
1998,41,1957,0.00785
1998,42,1956,0.00544
1998,43,1955,0.00335
1998,44,1954,0.00198
1998,45,1953,0.00097
1998,46,1952,0.00041
1998,47,1951,0.00016
1998,48,1950,0.00006
1998,49,1949,0.00002
1998,50,1948,0.00001
1998,51,1947,0
1998,52,1946,0
1998,53,1945,0
1998,54,1944,0
1998,55+,1943-,0
1999,12-,1987+,0
1999,13,1986,0.00002
1999,14,1985,0.00006
1999,15,1984,0.00048
1999,16,1983,0.00224
1999,17,1982,0.00783
1999,18,1981,0.01805
1999,19,1980,0.0362
1999,20,1979,0.05449
1999,21,1978,0.07197
1999,22,1977,0.08593
1999,23,1976,0.09587
1999,24,1975,0.10289
1999,25,1974,0.10629
1999,26,1973,0.10552
1999,27,1972,0.10022
1999,28,1971,0.09319
1999,29,1970,0.08215
1999,30,1969,0.0732
1999,31,1968,0.06227
1999,32,1967,0.05423
1999,33,1966,0.04687
1999,34,1965,0.04043
1999,35,1964,0.03349
1999,36,1963,0.02902
1999,37,1962,0.02345
1999,38,1961,0.01904
1999,39,1960,0.01484
1999,40,1959,0.01131
1999,41,1958,0.00806
1999,42,1957,0.00548
1999,43,1956,0.00342
1999,44,1955,0.00198
1999,45,1954,0.00093
1999,46,1953,0.00045
1999,47,1952,0.00021
1999,48,1951,0.00006
1999,49,1950,0.00001
1999,50,1949,0
1999,51,1948,0
1999,52,1947,0
1999,53,1946,0
1999,54,1945,0
1999,55+,1944-,0
2000,12-,1988+,0
2000,13,1987,0.00002
2000,14,1986,0.00005
2000,15,1985,0.00048
2000,16,1984,0.00215
2000,17,1983,0.00756
2000,18,1982,0.01791
2000,19,1981,0.03383
2000,20,1980,0.05279
2000,21,1979,0.06768
2000,22,1978,0.08023
2000,23,1977,0.09096
2000,24,1976,0.09905
2000,25,1975,0.10329
2000,26,1974,0.10609
2000,27,1973,0.10067
2000,28,1972,0.09214
2000,29,1971,0.08327
2000,30,1970,0.07307
2000,31,1969,0.06411
2000,32,1968,0.05451
2000,33,1967,0.04611
2000,34,1966,0.03987
2000,35,1965,0.03429
2000,36,1964,0.02919
2000,37,1963,0.02335
2000,38,1962,0.01899
2000,39,1961,0.01463
2000,40,1960,0.01107
2000,41,1959,0.00795
2000,42,1958,0.00548
2000,43,1957,0.00325
2000,44,1956,0.00186
2000,45,1955,0.00098
2000,46,1954,0.00037
2000,47,1953,0.00019
2000,48,1952,0.00006
2000,49,1951,0.00001
2000,50,1950,0
2000,51,1949,0
2000,52,1948,0
2000,53,1947,0
2000,54,1946,0
2000,55+,1945-,0
2001,12-,1989+,0.00001
2001,13,1988,0.00001
2001,14,1987,0.00009
2001,15,1986,0.00041
2001,16,1985,0.00213
2001,17,1984,0.00714
2001,18,1983,0.01674
2001,19,1982,0.03094
2001,20,1981,0.04648
2001,21,1980,0.05976
2001,22,1979,0.07023
2001,23,1978,0.08206
2001,24,1977,0.08952
2001,25,1976,0.0964
2001,26,1975,0.09909
2001,27,1974,0.09681
2001,28,1973,0.08975
2001,29,1972,0.08175
2001,30,1971,0.07336
2001,31,1970,0.06364
2001,32,1969,0.0544
2001,33,1968,0.04647
2001,34,1967,0.03996
2001,35,1966,0.03425
2001,36,1965,0.02782
2001,37,1964,0.02269
2001,38,1963,0.01855
2001,39,1962,0.01511
2001,40,1961,0.0115
2001,41,1960,0.00785
2001,42,1959,0.00527
2001,43,1958,0.00356
2001,44,1957,0.00197
2001,45,1956,0.00098
2001,46,1955,0.00044
2001,47,1954,0.00018
2001,48,1953,0.00008
2001,49,1952,0.00002
2001,50,1951,0
2001,51,1950,0
2001,52,1949,0
2001,53,1948,0
2001,54,1947,0
2001,55+,1946-,0
2002,12-,1990+,0
2002,13,1989,0.00001
2002,14,1988,0.00007
2002,15,1987,0.00033
2002,16,1986,0.00174
2002,17,1985,0.0066
2002,18,1984,0.01566
2002,19,1983,0.02914
2002,20,1982,0.04298
2002,21,1981,0.05382
2002,22,1980,0.06438
2002,23,1979,0.07184
2002,24,1978,0.08159
2002,25,1977,0.0882
2002,26,1976,0.09348
2002,27,1975,0.09241
2002,28,1974,0.08832
2002,29,1973,0.08048
2002,30,1972,0.07168
2002,31,1971,0.06276
2002,32,1970,0.0542
2002,33,1969,0.04531
2002,34,1968,0.03964
2002,35,1967,0.03379
2002,36,1966,0.02793
2002,37,1965,0.02295
2002,38,1964,0.01853
2002,39,1963,0.01454
2002,40,1962,0.01123
2002,41,1961,0.00818
2002,42,1960,0.00535
2002,43,1959,0.00316
2002,44,1958,0.00175
2002,45,1957,0.00088
2002,46,1956,0.00041
2002,47,1955,0.00017
2002,48,1954,0.00005
2002,49,1953,0.00002
2002,50,1952,0.00001
2002,51,1951,0.00001
2002,52,1950,0
2002,53,1949,0
2002,54,1948,0
2002,55+,1947-,0
2003,12-,1991+,0
2003,13,1990,0
2003,14,1989,0.00006
2003,15,1988,0.00046
2003,16,1987,0.00179
2003,17,1986,0.00566
2003,18,1985,0.01492
2003,19,1984,0.0275
2003,20,1983,0.03988
2003,21,1982,0.0505
2003,22,1981,0.05911
2003,23,1980,0.06831
2003,24,1979,0.07592
2003,25,1978,0.0853
2003,26,1977,0.09089
2003,27,1976,0.09096
2003,28,1975,0.08757
2003,29,1974,0.08141
2003,30,1973,0.07278
2003,31,1972,0.06442
2003,32,1971,0.05499
2003,33,1970,0.0459
2003,34,1969,0.03943
2003,35,1968,0.03286
2003,36,1967,0.02771
2003,37,1966,0.02258
2003,38,1965,0.0182
2003,39,1964,0.01357
2003,40,1963,0.01078
2003,41,1962,0.00774
2003,42,1961,0.00519
2003,43,1960,0.003
2003,44,1959,0.0019
2003,45,1958,0.00088
2003,46,1957,0.00045
2003,47,1956,0.00015
2003,48,1955,0.00006
2003,49,1954,0.00002
2003,50,1953,0
2003,51,1952,0
2003,52,1951,0
2003,53,1950,0
2003,54,1949,0
2003,55+,1948-,0
2004,12-,1992+,0
2004,13,1991,0
2004,14,1990,0.00005
2004,15,1989,0.00042
2004,16,1988,0.0019
2004,17,1987,0.00605
2004,18,1986,0.01355
2004,19,1985,0.02596
2004,20,1984,0.03767
2004,21,1983,0.04843
2004,22,1982,0.05612
2004,23,1981,0.06423
2004,24,1980,0.07357
2004,25,1979,0.08195
2004,26,1978,0.08878
2004,27,1977,0.09221
2004,28,1976,0.09044
2004,29,1975,0.08412
2004,30,1974,0.07684
2004,31,1973,0.06717
2004,32,1972,0.05806
2004,33,1971,0.04957
2004,34,1970,0.04076
2004,35,1969,0.03428
2004,36,1968,0.02873
2004,37,1967,0.02325
2004,38,1966,0.01864
2004,39,1965,0.0145
2004,40,1964,0.01124
2004,41,1963,0.00822
2004,42,1962,0.00519
2004,43,1961,0.00335
2004,44,1960,0.0019
2004,45,1959,0.00094
2004,46,1958,0.00045
2004,47,1957,0.00018
2004,48,1956,0.00008
2004,49,1955,0.00002
2004,50,1954,0.00001
2004,51,1953,0
2004,52,1952,0
2004,53,1951,0
2004,54,1950,0
2004,55+,1949-,0
2005,12-,1993+,0
2005,13,1992,0.00001
2005,14,1991,0.00006
2005,15,1990,0.00042
2005,16,1989,0.0019
2005,17,1988,0.0062
2005,18,1987,0.01397
2005,19,1986,0.0251
2005,20,1985,0.03745
2005,21,1984,0.04728
2005,22,1983,0.05453
2005,23,1982,0.0628
2005,24,1981,0.07052
2005,25,1980,0.08071
2005,26,1979,0.08777
2005,27,1978,0.09408
2005,28,1977,0.09204
2005,29,1976,0.08846
2005,30,1975,0.08193
2005,31,1974,0.07195
2005,32,1973,0.06177
2005,33,1972,0.05245
2005,34,1971,0.04416
2005,35,1970,0.03621
2005,36,1969,0.03012
2005,37,1968,0.02431
2005,38,1967,0.01927
2005,39,1966,0.01483
2005,40,1965,0.01129
2005,41,1964,0.00816
2005,42,1963,0.00545
2005,43,1962,0.00322
2005,44,1961,0.00197
2005,45,1960,0.00092
2005,46,1959,0.00049
2005,47,1958,0.00015
2005,48,1957,0.00007
2005,49,1956,0.00002
2005,50,1955,0
2005,51,1954,0.00001
2005,52,1953,0
2005,53,1952,0
2005,54,1951,0
2005,55+,1950-,0
2006,12-,1994+,0
2006,13,1993,0.00001
2006,14,1992,0.00007
2006,15,1991,0.00045
2006,16,1990,0.00189
2006,17,1989,0.00676
2006,18,1988,0.01474
2006,19,1987,0.0267
2006,20,1986,0.03757
2006,21,1985,0.04707
2006,22,1984,0.05382
2006,23,1983,0.06093
2006,24,1982,0.06937
2006,25,1981,0.07818
2006,26,1980,0.08945
2006,27,1979,0.09307
2006,28,1978,0.09388
2006,29,1977,0.08982
2006,30,1976,0.08502
2006,31,1975,0.07622
2006,32,1974,0.06545
2006,33,1973,0.05645
2006,34,1972,0.04692
2006,35,1971,0.03866
2006,36,1970,0.03138
2006,37,1969,0.02553
2006,38,1968,0.02002
2006,39,1967,0.01602
2006,40,1966,0.01166
2006,41,1965,0.00818
2006,42,1964,0.00524
2006,43,1963,0.00329
2006,44,1962,0.00188
2006,45,1961,0.0009
2006,46,1960,0.00046
2006,47,1959,0.00016
2006,48,1958,0.00008
2006,49,1957,0.00001
2006,50,1956,0.00001
2006,51,1955,0
2006,52,1954,0
2006,53,1953,0
2006,54,1952,0
2006,55+,1951-,0
2007,12-,1995+,0
2007,13,1994,0
2007,14,1993,0.00009
2007,15,1992,0.00048
2007,16,1991,0.00235
2007,17,1990,0.00752
2007,18,1989,0.01631
2007,19,1988,0.02776
2007,20,1987,0.03888
2007,21,1986,0.04621
2007,22,1985,0.05472
2007,23,1984,0.06126
2007,24,1983,0.06946
2007,25,1982,0.07879
2007,26,1981,0.08773
2007,27,1980,0.09331
2007,28,1979,0.09572
2007,29,1978,0.09334
2007,30,1977,0.08894
2007,31,1976,0.08034
2007,32,1975,0.0701
2007,33,1974,0.061
2007,34,1973,0.05031
2007,35,1972,0.04263
2007,36,1971,0.03453
2007,37,1970,0.02686
2007,38,1969,0.02131
2007,39,1968,0.01635
2007,40,1967,0.01249
2007,41,1966,0.00853
2007,42,1965,0.00566
2007,43,1964,0.00373
2007,44,1963,0.00202
2007,45,1962,0.001
2007,46,1961,0.00041
2007,47,1960,0.00022
2007,48,1959,0.00008
2007,49,1958,0.00003
2007,50,1957,0.00002
2007,51,1956,0
2007,52,1955,0
2007,53,1954,0
2007,54,1953,0
2007,55+,1952-,0.00001
2008,12-,1996+,0
2008,13,1995,0
2008,14,1994,0.00012
2008,15,1993,0.00067
2008,16,1992,0.00291
2008,17,1991,0.00826
2008,18,1990,0.01768
2008,19,1989,0.02997
2008,20,1988,0.04108
2008,21,1987,0.04928
2008,22,1986,0.05624
2008,23,1985,0.06409
2008,24,1984,0.07131
2008,25,1983,0.08125
2008,26,1982,0.09055
2008,27,1981,0.09735
2008,28,1980,0.10075
2008,29,1979,0.09812
2008,30,1978,0.09379
2008,31,1977,0.08681
2008,32,1976,0.0759
2008,33,1975,0.06511
2008,34,1974,0.05581
2008,35,1973,0.04621
2008,36,1972,0.03743
2008,37,1971,0.02998
2008,38,1970,0.02322
2008,39,1969,0.01741
2008,40,1968,0.0127
2008,41,1967,0.0093
2008,42,1966,0.00584
2008,43,1965,0.00372
2008,44,1964,0.00201
2008,45,1963,0.001
2008,46,1962,0.0005
2008,47,1961,0.00024
2008,48,1960,0.00006
2008,49,1959,0.00003
2008,50,1958,0.00001
2008,51,1957,0
2008,52,1956,0
2008,53,1955,0
2008,54,1954,0
2008,55+,1953-,0
2009,12-,1997+,0
2009,13,1996,0
2009,14,1995,0.00012
2009,15,1994,0.00064
2009,16,1993,0.00303
2009,17,1992,0.00858
2009,18,1991,0.01738
2009,19,1990,0.02915
2009,20,1989,0.04004
2009,21,1988,0.04796
2009,22,1987,0.05424
2009,23,1986,0.06039
2009,24,1985,0.06985
2009,25,1984,0.07986
2009,26,1983,0.08973
2009,27,1982,0.09756
2009,28,1981,0.10085
2009,29,1980,0.10074
2009,30,1979,0.09522
2009,31,1978,0.08848
2009,32,1977,0.07895
2009,33,1976,0.06799
2009,34,1975,0.05772
2009,35,1974,0.04881
2009,36,1973,0.04033
2009,37,1972,0.03097
2009,38,1971,0.02465
2009,39,1970,0.01889
2009,40,1969,0.01336
2009,41,1968,0.00955
2009,42,1967,0.00618
2009,43,1966,0.00377
2009,44,1965,0.00206
2009,45,1964,0.00109
2009,46,1963,0.00047
2009,47,1962,0.0002
2009,48,1961,0.00009
2009,49,1960,0.00004
2009,50,1959,0
2009,51,1958,0
2009,52,1957,0
2009,53,1956,0
2009,54,1955,0
2009,55+,1954-,0
2010,12-,1998+,0.00002
2010,13,1997,0.00001
2010,14,1996,0.00009
2010,15,1995,0.00063
2010,16,1994,0.00309
2010,17,1993,0.008
2010,18,1992,0.01647
2010,19,1991,0.02702
2010,20,1990,0.03607
2010,21,1989,0.04551
2010,22,1988,0.05134
2010,23,1987,0.05818
2010,24,1986,0.06572
2010,25,1985,0.07783
2010,26,1984,0.08785
2010,27,1983,0.09618
2010,28,1982,0.10032
2010,29,1981,0.09881
2010,30,1980,0.09556
2010,31,1979,0.08784
2010,32,1978,0.07833
2010,33,1977,0.06862
2010,34,1976,0.05982
2010,35,1975,0.04986
2010,36,1974,0.04125
2010,37,1973,0.03351
2010,38,1972,0.02556
2010,39,1971,0.01952
2010,40,1970,0.01422
2010,41,1969,0.01012
2010,42,1968,0.00646
2010,43,1967,0.00393
2010,44,1966,0.0022
2010,45,1965,0.00116
2010,46,1964,0.00051
2010,47,1963,0.00021
2010,48,1962,0.00007
2010,49,1961,0.00001
2010,50,1960,0
2010,51,1959,0
2010,52,1958,0
2010,53,1957,0
2010,54,1956,0
2010,55+,1955-,0
2011,12-,1999+,0
2011,13,1998,0.00002
2011,14,1997,0.00008
2011,15,1996,0.00057
2011,16,1995,0.00235
2011,17,1994,0.0075
2011,18,1993,0.01544
2011,19,1992,0.0251
2011,20,1991,0.03263
2011,21,1990,0.03979
2011,22,1989,0.04695
2011,23,1988,0.05423
2011,24,1987,0.06186
2011,25,1986,0.07169
2011,26,1985,0.08212
2011,27,1984,0.09022
2011,28,1983,0.09544
2011,29,1982,0.0936
2011,30,1981,0.0907
2011,31,1980,0.08388
2011,32,1979,0.07529
2011,33,1978,0.06627
2011,34,1977,0.05705
2011,35,1976,0.04893
2011,36,1975,0.04018
2011,37,1974,0.0318
2011,38,1973,0.02501
2011,39,1972,0.01882
2011,40,1971,0.0137
2011,41,1970,0.00969
2011,42,1969,0.00679
2011,43,1968,0.00394
2011,44,1967,0.00221
2011,45,1966,0.00105
2011,46,1965,0.00057
2011,47,1964,0.00022
2011,48,1963,0.00006
2011,49,1962,0.00002
2011,50,1961,0.00001
2011,51,1960,0
2011,52,1959,0
2011,53,1958,0
2011,54,1957,0
2011,55+,1956-,0
2012,12-,2000+,0
2012,13,1999,0.00002
2012,14,1998,0.00012
2012,15,1997,0.00065
2012,16,1996,0.0027
2012,17,1995,0.00746
2012,18,1994,0.01575
2012,19,1993,0.02586
2012,20,1992,0.03378
2012,21,1991,0.04003
2012,22,1990,0.04502
2012,23,1989,0.05375
2012,24,1988,0.06206
2012,25,1987,0.07169
2012,26,1986,0.08156
2012,27,1985,0.09073
2012,28,1984,0.09552
2012,29,1983,0.09464
2012,30,1982,0.09107
2012,31,1981,0.08483
2012,32,1980,0.07577
2012,33,1979,0.06674
2012,34,1978,0.05755
2012,35,1977,0.04955
2012,36,1976,0.04103
2012,37,1975,0.03264
2012,38,1974,0.02566
2012,39,1973,0.01992
2012,40,1972,0.01454
2012,41,1971,0.00999
2012,42,1970,0.00663
2012,43,1969,0.00397
2012,44,1968,0.00224
2012,45,1967,0.00113
2012,46,1966,0.00056
2012,47,1965,0.0002
2012,48,1964,0.00008
2012,49,1963,0.00002
2012,50,1962,0.00001
2012,51,1961,0
2012,52,1960,0
2012,53,1959,0
2012,54,1958,0
2012,55+,1957-,0
2013,12-,2001+,0
2013,13,2000,0.00001
2013,14,1999,0.00007
2013,15,1998,0.00056
2013,16,1997,0.00255
2013,17,1996,0.00731
2013,18,1995,0.01466
2013,19,1994,0.02477
2013,20,1993,0.03165
2013,21,1992,0.03865
2013,22,1991,0.04331
2013,23,1990,0.04967
2013,24,1989,0.05898
2013,25,1988,0.0675
2013,26,1987,0.07874
2013,27,1986,0.08598
2013,28,1985,0.09107
2013,29,1984,0.09152
2013,30,1983,0.08853
2013,31,1982,0.08191
2013,32,1981,0.07349
2013,33,1980,0.06448
2013,34,1979,0.05572
2013,35,1978,0.04837
2013,36,1977,0.03958
2013,37,1976,0.03167
2013,38,1975,0.02458
2013,39,1974,0.01856
2013,40,1973,0.01465
2013,41,1972,0.00986
2013,42,1971,0.00657
2013,43,1970,0.00391
2013,44,1969,0.00225
2013,45,1968,0.00113
2013,46,1967,0.00056
2013,47,1966,0.00025
2013,48,1965,0.00009
2013,49,1964,0.00004
2013,50,1963,0.00002
2013,51,1962,0.00001
2013,52,1961,0
2013,53,1960,0
2013,54,1959,0
2013,55+,1958-,0
2014,12-,2002+,0
2014,13,2001,0.00001
2014,14,2000,0.00011
2014,15,1999,0.0006
2014,16,1998,0.00254
2014,17,1997,0.00684
2014,18,1996,0.01436
2014,19,1995,0.02334
2014,20,1994,0.03181
2014,21,1993,0.03738
2014,22,1992,0.04289
2014,23,1991,0.04837
2014,24,1990,0.05736
2014,25,1989,0.06842
2014,26,1988,0.07824
2014,27,1987,0.08822
2014,28,1986,0.09375
2014,29,1985,0.0951
2014,30,1984,0.09291
2014,31,1983,0.08608
2014,32,1982,0.07735
2014,33,1981,0.06841
2014,34,1980,0.0589
2014,35,1979,0.04954
2014,36,1978,0.04225
2014,37,1977,0.03376
2014,38,1976,0.02624
2014,39,1975,0.02055
2014,40,1974,0.01475
2014,41,1973,0.01043
2014,42,1972,0.00666
2014,43,1971,0.00404
2014,44,1970,0.00221
2014,45,1969,0.00114
2014,46,1968,0.00054
2014,47,1967,0.00028
2014,48,1966,0.0001
2014,49,1965,0.00003
2014,50,1964,0.00001
2014,51,1963,0
2014,52,1962,0
2014,53,1961,0.00001
2014,54,1960,0
2014,55+,1959-,0.00001
2015,12-,2003+,0
2015,13,2002,0
2015,14,2001,0.0001
2015,15,2000,0.00065
2015,16,1999,0.00234
2015,17,1998,0.00646
2015,18,1997,0.01317
2015,19,1996,0.02282
2015,20,1995,0.02997
2015,21,1994,0.03679
2015,22,1993,0.04227
2015,23,1992,0.049
2015,24,1991,0.05699
2015,25,1990,0.06638
2015,26,1989,0.07926
2015,27,1988,0.08773
2015,28,1987,0.09366
2015,29,1986,0.09558
2015,30,1985,0.09397
2015,31,1984,0.08774
2015,32,1983,0.07874
2015,33,1982,0.07037
2015,34,1981,0.0604
2015,35,1980,0.05113
2015,36,1979,0.04229
2015,37,1978,0.03371
2015,38,1977,0.02684
2015,39,1976,0.02037
2015,40,1975,0.01532
2015,41,1974,0.01039
2015,42,1973,0.00692
2015,43,1972,0.00402
2015,44,1971,0.00233
2015,45,1970,0.00122
2015,46,1969,0.00052
2015,47,1968,0.00023
2015,48,1967,0.00014
2015,49,1966,0.00002
2015,50,1965,0.00003
2015,51,1964,0
2015,52,1963,0
2015,53,1962,0
2015,54,1961,0.00001
2015,55+,1960-,0
2016,12-,2004+,0.00001
2016,13,2003,0.00001
2016,14,2002,0.0001
2016,15,2001,0.0006
2016,16,2000,0.00219
2016,17,1999,0.00648
2016,18,1998,0.01253
2016,19,1997,0.02206
2016,20,1996,0.03016
2016,21,1995,0.03741
2016,22,1994,0.04312
2016,23,1993,0.05054
2016,24,1992,0.05871
2016,25,1991,0.07096
2016,26,1990,0.08206
2016,27,1989,0.0924
2016,28,1988,0.09897
2016,29,1987,0.10115
2016,30,1986,0.09988
2016,31,1985,0.09434
2016,32,1984,0.08464
2016,33,1983,0.0752
2016,34,1982,0.06462
2016,35,1981,0.05519
2016,36,1980,0.0459
2016,37,1979,0.03674
2016,38,1978,0.02901
2016,39,1977,0.0218
2016,40,1976,0.01593
2016,41,1975,0.01106
2016,42,1974,0.00779
2016,43,1973,0.00442
2016,44,1972,0.00244
2016,45,1971,0.00126
2016,46,1970,0.00055
2016,47,1969,0.00024
2016,48,1968,0.0001
2016,49,1967,0.00003
2016,50,1966,0.00003
2016,51,1965,0.00001
2016,52,1964,0
2016,53,1963,0
2016,54,1962,0
2016,55+,1961-,0
2017,12-,2005+,0
2017,13,2004,0.00002
2017,14,2003,0.00008
2017,15,2002,0.00052
2017,16,2001,0.00201
2017,17,2000,0.0053
2017,18,1999,0.01159
2017,19,1998,0.02064
2017,20,1997,0.02928
2017,21,1996,0.03686
2017,22,1995,0.0456
2017,23,1994,0.05315
2017,24,1993,0.06359
2017,25,1992,0.07528
2017,26,1991,0.08767
2017,27,1990,0.09962
2017,28,1989,0.10578
2017,29,1988,0.10911
2017,30,1987,0.10782
2017,31,1986,0.10239
2017,32,1985,0.09352
2017,33,1984,0.08258
2017,34,1983,0.07162
2017,35,1982,0.06062
2017,36,1981,0.05034
2017,37,1980,0.04017
2017,38,1979,0.03175
2017,39,1978,0.02385
2017,40,1977,0.01799
2017,41,1976,0.01251
2017,42,1975,0.00787
2017,43,1974,0.0045
2017,44,1973,0.00247
2017,45,1972,0.00142
2017,46,1971,0.00059
2017,47,1970,0.00025
2017,48,1969,0.00012
2017,49,1968,0.00005
2017,50,1967,0.00002
2017,51,1966,0
2017,52,1965,0
2017,53,1964,0.00001
2017,54,1963,0
2017,55+,1962-,0
2018,12-,2006+,0.00001
2018,13,2005,0.00001
2018,14,2004,0.00006
2018,15,2003,0.00044
2018,16,2002,0.0018
2018,17,2001,0.00487
2018,18,2000,0.01089
2018,19,1999,0.01941
2018,20,1998,0.02754
2018,21,1997,0.03623
2018,22,1996,0.04287
2018,23,1995,0.05065
2018,24,1994,0.06158
2018,25,1993,0.07331
2018,26,1992,0.08787
2018,27,1991,0.09751
2018,28,1990,0.10519
2018,29,1989,0.10766
2018,30,1988,0.10627
2018,31,1987,0.10048
2018,32,1986,0.0915
2018,33,1985,0.0811
2018,34,1984,0.0708
2018,35,1983,0.06066
2018,36,1982,0.05066
2018,37,1981,0.04113
2018,38,1980,0.03208
2018,39,1979,0.02444
2018,40,1978,0.01843
2018,41,1977,0.01269
2018,42,1976,0.00813
2018,43,1975,0.00495
2018,44,1974,0.00281
2018,45,1973,0.0013
2018,46,1972,0.0007
2018,47,1971,0.00034
2018,48,1970,0.00011
2018,49,1969,0.00005
2018,50,1968,0.00003
2018,51,1967,0.00002
2018,52,1966,0.00001
2018,53,1965,0
2018,54,1964,0
2018,55+,1963-,0.00002
2019,12-,2007+,0.00001
2019,13,2006,0.00001
2019,14,2005,0.00006
2019,15,2004,0.00049
2019,16,2003,0.00165
2019,17,2002,0.00471
2019,18,2001,0.00951
2019,19,2000,0.01771
2019,20,1999,0.02575
2019,21,1998,0.03429
2019,22,1997,0.04119
2019,23,1996,0.04931
2019,24,1995,0.06039
2019,25,1994,0.07224
2019,26,1993,0.08533
2019,27,1992,0.09664
2019,28,1991,0.10409
2019,29,1990,0.10755
2019,30,1989,0.10532
2019,31,1988,0.09985
2019,32,1987,0.09071
2019,33,1986,0.08142
2019,34,1985,0.07138
2019,35,1984,0.06121
2019,36,1983,0.05063
2019,37,1982,0.04194
2019,38,1981,0.03211
2019,39,1980,0.02487
2019,40,1979,0.01895
2019,41,1978,0.01268
2019,42,1977,0.00847
2019,43,1976,0.00504
2019,44,1975,0.00276
2019,45,1974,0.0014
2019,46,1973,0.00067
2019,47,1972,0.00031
2019,48,1971,0.00012
2019,49,1970,0.00005
2019,50,1969,0.00004
2019,51,1968,0.00001
2019,52,1967,0.00001
2019,53,1966,0
2019,54,1965,0.00001
2019,55+,1964-,0
2020,12-,2008+,0
2020,13,2007,0.00001
2020,14,2006,0.00006
2020,15,2005,0.00038
2020,16,2004,0.00157
2020,17,2003,0.00436
2020,18,2002,0.00876
2020,19,2001,0.01509
2020,20,2000,0.02304
2020,21,1999,0.03073
2020,22,1998,0.03813
2020,23,1997,0.04663
2020,24,1996,0.05686
2020,25,1995,0.07045
2020,26,1994,0.08367
2020,27,1993,0.09513
2020,28,1992,0.10172
2020,29,1991,0.10652
2020,30,1990,0.10448
2020,31,1989,0.09883
2020,32,1988,0.08967
2020,33,1987,0.07963
2020,34,1986,0.06932
2020,35,1985,0.05999
2020,36,1984,0.05082
2020,37,1983,0.04028
2020,38,1982,0.03237
2020,39,1981,0.02533
2020,40,1980,0.01855
2020,41,1979,0.01333
2020,42,1978,0.00844
2020,43,1977,0.00494
2020,44,1976,0.00289
2020,45,1975,0.00146
2020,46,1974,0.0007
2020,47,1973,0.0003
2020,48,1972,0.00011
2020,49,1971,0.00006
2020,50,1970,0.00003
2020,51,1969,0.00002
2020,52,1968,0
2020,53,1967,0
2020,54,1966,0
2020,55+,1965-,0.00001
2021,12-,2009+,0
2021,13,2008,0
2021,14,2007,0.00006
2021,15,2006,0.00041
2021,16,2005,0.00134
2021,17,2004,0.00356
2021,18,2003,0.00713
2021,19,2002,0.01314
2021,20,2001,0.01966
2021,21,2000,0.02705
2021,22,1999,0.03491
2021,23,1998,0.04277
2021,24,1997,0.05341
2021,25,1996,0.06493
2021,26,1995,0.08065
2021,27,1994,0.09193
2021,28,1993,0.09841
2021,29,1992,0.10322
2021,30,1991,0.10162
2021,31,1990,0.09792
2021,32,1989,0.0878
2021,33,1988,0.07876
2021,34,1987,0.06791
2021,35,1986,0.0579
2021,36,1985,0.04952
2021,37,1984,0.0392
2021,38,1983,0.03091
2021,39,1982,0.02358
2021,40,1981,0.01793
2021,41,1980,0.01244
2021,42,1979,0.0083
2021,43,1978,0.00531
2021,44,1977,0.00298
2021,45,1976,0.00146
2021,46,1975,0.00077
2021,47,1974,0.00034
2021,48,1973,0.00014
2021,49,1972,0.00009
2021,50,1971,0.00003
2021,51,1970,0
2021,52,1969,0.00001
2021,53,1968,0.00002
2021,54,1967,0
2021,55+,1966-,0.00001
2022,12-,2010+,0.00001
2022,13,2009,0.00001
2022,14,2008,0.0001
2022,15,2007,0.00033
2022,16,2006,0.00134
2022,17,2005,0.00324
2022,18,2004,0.00634
2022,19,2003,0.01141
2022,20,2002,0.01748
2022,21,2001,0.02419
2022,22,2000,0.03186
2022,23,1999,0.03913
2022,24,1998,0.04954
2022,25,1997,0.06199
2022,26,1996,0.07655
2022,27,1995,0.08723
2022,28,1994,0.09548
2022,29,1993,0.09907
2022,30,1992,0.09682
2022,31,1991,0.09196
2022,32,1990,0.08492
2022,33,1989,0.07473
2022,34,1988,0.06574
2022,35,1987,0.05628
2022,36,1986,0.04647
2022,37,1985,0.03796
2022,38,1984,0.02924
2022,39,1983,0.02314
2022,40,1982,0.01694
2022,41,1981,0.01211
2022,42,1980,0.00802
2022,43,1979,0.00487
2022,44,1978,0.00278
2022,45,1977,0.00151
2022,46,1976,0.0007
2022,47,1975,0.00036
2022,48,1974,0.00017
2022,49,1973,0.00009
2022,50,1972,0.00006
2022,51,1971,0.00002
2022,52,1970,0.00002
2022,53,1969,0.00001
2022,54,1968,0
2022,55+,1967-,0.00001
,,,
