Cohort,Age,Exposure
1916,12,.
1916,13,.
1916,14,.
1916,15,.
1916,16,.
1916,17,.
1916,18,.
1916,19,.
1916,20,.
1916,21,.
1916,22,.
1916,23,.
1916,24,.
1916,25,.
1916,26,.
1916,27,.
1916,28,.
1916,29,.
1916,30,.
1916,31,.
1916,32,.
1916,33,.
1916,34,.
1916,35,.
1916,36,.
1916,37,.
1916,38,.
1916,39,.
1916,40,.
1916,41,.
1916,42,.
1916,43,.
1916,44,.
1916,45,.
1916,46,.
1916,47,.
1916,48,.
1916,49,.
1916,50,.
1916,51,.
1916,52,.
1916,53,.
1916,54,.
1916,55,120128.43
1917,12,.
1917,13,.
1917,14,.
1917,15,.
1917,16,.
1917,17,.
1917,18,.
1917,19,.
1917,20,.
1917,21,.
1917,22,.
1917,23,.
1917,24,.
1917,25,.
1917,26,.
1917,27,.
1917,28,.
1917,29,.
1917,30,.
1917,31,.
1917,32,.
1917,33,.
1917,34,.
1917,35,.
1917,36,.
1917,37,.
1917,38,.
1917,39,.
1917,40,.
1917,41,.
1917,42,.
1917,43,.
1917,44,.
1917,45,.
1917,46,.
1917,47,.
1917,48,.
1917,49,.
1917,50,.
1917,51,.
1917,52,.
1917,53,.
1917,54,112655.8
1917,55,111816.02
1918,12,.
1918,13,.
1918,14,.
1918,15,.
1918,16,.
1918,17,.
1918,18,.
1918,19,.
1918,20,.
1918,21,.
1918,22,.
1918,23,.
1918,24,.
1918,25,.
1918,26,.
1918,27,.
1918,28,.
1918,29,.
1918,30,.
1918,31,.
1918,32,.
1918,33,.
1918,34,.
1918,35,.
1918,36,.
1918,37,.
1918,38,.
1918,39,.
1918,40,.
1918,41,.
1918,42,.
1918,43,.
1918,44,.
1918,45,.
1918,46,.
1918,47,.
1918,48,.
1918,49,.
1918,50,.
1918,51,.
1918,52,.
1918,53,119322.39
1918,54,118529.63
1918,55,117678.46
1919,12,.
1919,13,.
1919,14,.
1919,15,.
1919,16,.
1919,17,.
1919,18,.
1919,19,.
1919,20,.
1919,21,.
1919,22,.
1919,23,.
1919,24,.
1919,25,.
1919,26,.
1919,27,.
1919,28,.
1919,29,.
1919,30,.
1919,31,.
1919,32,.
1919,33,.
1919,34,.
1919,35,.
1919,36,.
1919,37,.
1919,38,.
1919,39,.
1919,40,.
1919,41,.
1919,42,.
1919,43,.
1919,44,.
1919,45,.
1919,46,.
1919,47,.
1919,48,.
1919,49,.
1919,50,.
1919,51,.
1919,52,160618.7
1919,53,159519.31
1919,54,158367.02
1919,55,157166.66
1920,12,.
1920,13,.
1920,14,.
1920,15,.
1920,16,.
1920,17,.
1920,18,.
1920,19,.
1920,20,.
1920,21,.
1920,22,.
1920,23,.
1920,24,.
1920,25,.
1920,26,.
1920,27,.
1920,28,.
1920,29,.
1920,30,.
1920,31,.
1920,32,.
1920,33,.
1920,34,.
1920,35,.
1920,36,.
1920,37,.
1920,38,.
1920,39,.
1920,40,.
1920,41,.
1920,42,.
1920,43,.
1920,44,.
1920,45,.
1920,46,.
1920,47,.
1920,48,.
1920,49,.
1920,50,.
1920,51,180316.16
1920,52,179155.69
1920,53,177931.79
1920,54,176641.96
1920,55,175245.33
1921,12,.
1921,13,.
1921,14,.
1921,15,.
1921,16,.
1921,17,.
1921,18,.
1921,19,.
1921,20,.
1921,21,.
1921,22,.
1921,23,.
1921,24,.
1921,25,.
1921,26,.
1921,27,.
1921,28,.
1921,29,.
1921,30,.
1921,31,.
1921,32,.
1921,33,.
1921,34,.
1921,35,.
1921,36,.
1921,37,.
1921,38,.
1921,39,.
1921,40,.
1921,41,.
1921,42,.
1921,43,.
1921,44,.
1921,45,.
1921,46,.
1921,47,.
1921,48,.
1921,49,.
1921,50,180661.85
1921,51,179410.23
1921,52,178108.12
1921,53,176744.51
1921,54,175290.67
1921,55,173820.52
1922,12,.
1922,13,.
1922,14,.
1922,15,.
1922,16,.
1922,17,.
1922,18,.
1922,19,.
1922,20,.
1922,21,.
1922,22,.
1922,23,.
1922,24,.
1922,25,.
1922,26,.
1922,27,.
1922,28,.
1922,29,.
1922,30,.
1922,31,.
1922,32,.
1922,33,.
1922,34,.
1922,35,.
1922,36,.
1922,37,.
1922,38,.
1922,39,.
1922,40,.
1922,41,.
1922,42,.
1922,43,.
1922,44,.
1922,45,.
1922,46,.
1922,47,.
1922,48,.
1922,49,211421.33
1922,50,210456.49
1922,51,209437.63
1922,52,208365.86
1922,53,207197.07
1922,54,205965.9
1922,55,204584.3
1923,12,.
1923,13,.
1923,14,.
1923,15,.
1923,16,.
1923,17,.
1923,18,.
1923,19,.
1923,20,.
1923,21,.
1923,22,.
1923,23,.
1923,24,.
1923,25,.
1923,26,.
1923,27,.
1923,28,.
1923,29,.
1923,30,.
1923,31,.
1923,32,.
1923,33,.
1923,34,.
1923,35,.
1923,36,.
1923,37,.
1923,38,.
1923,39,.
1923,40,.
1923,41,.
1923,42,.
1923,43,.
1923,44,.
1923,45,.
1923,46,.
1923,47,.
1923,48,218681.24
1923,49,217859.3
1923,50,216986.72
1923,51,216028.21
1923,52,214968.64
1923,53,213826.9
1923,54,212545.76
1923,55,211204.33
1924,12,.
1924,13,.
1924,14,.
1924,15,.
1924,16,.
1924,17,.
1924,18,.
1924,19,.
1924,20,.
1924,21,.
1924,22,.
1924,23,.
1924,24,.
1924,25,.
1924,26,.
1924,27,.
1924,28,.
1924,29,.
1924,30,.
1924,31,.
1924,32,.
1924,33,.
1924,34,.
1924,35,.
1924,36,.
1924,37,.
1924,38,.
1924,39,.
1924,40,.
1924,41,.
1924,42,.
1924,43,.
1924,44,.
1924,45,.
1924,46,.
1924,47,221930.68
1924,48,220895.39
1924,49,219792.03
1924,50,218608.89
1924,51,217338.14
1924,52,215973.55
1924,53,214505.3
1924,54,212932.36
1924,55,211456.52
1925,12,.
1925,13,.
1925,14,.
1925,15,.
1925,16,.
1925,17,.
1925,18,.
1925,19,.
1925,20,.
1925,21,.
1925,22,.
1925,23,.
1925,24,.
1925,25,.
1925,26,.
1925,27,.
1925,28,.
1925,29,.
1925,30,.
1925,31,.
1925,32,.
1925,33,.
1925,34,.
1925,35,.
1925,36,.
1925,37,.
1925,38,.
1925,39,.
1925,40,.
1925,41,.
1925,42,.
1925,43,.
1925,44,.
1925,45,.
1925,46,237024.46
1925,47,236231.27
1925,48,235353
1925,49,234411.12
1925,50,233388.23
1925,51,232281.26
1925,52,231120.02
1925,53,229821.66
1925,54,228392.5
1925,55,226859.3
1926,12,.
1926,13,.
1926,14,.
1926,15,.
1926,16,.
1926,17,.
1926,18,.
1926,19,.
1926,20,.
1926,21,.
1926,22,.
1926,23,.
1926,24,.
1926,25,.
1926,26,.
1926,27,.
1926,28,.
1926,29,.
1926,30,.
1926,31,.
1926,32,.
1926,33,.
1926,34,.
1926,35,.
1926,36,.
1926,37,.
1926,38,.
1926,39,.
1926,40,.
1926,41,.
1926,42,.
1926,43,.
1926,44,.
1926,45,223929.7
1926,46,223240.31
1926,47,222481.72
1926,48,221672.92
1926,49,220758.8
1926,50,219764.84
1926,51,218718.76
1926,52,217562.12
1926,53,216274.82
1926,54,214963.02
1926,55,213536.76
1927,12,.
1927,13,.
1927,14,.
1927,15,.
1927,16,.
1927,17,.
1927,18,.
1927,19,.
1927,20,.
1927,21,.
1927,22,.
1927,23,.
1927,24,.
1927,25,.
1927,26,.
1927,27,.
1927,28,.
1927,29,.
1927,30,.
1927,31,.
1927,32,.
1927,33,.
1927,34,.
1927,35,.
1927,36,.
1927,37,.
1927,38,.
1927,39,.
1927,40,.
1927,41,.
1927,42,.
1927,43,.
1927,44,220088.26
1927,45,219256.52
1927,46,218353.17
1927,47,217396.31
1927,48,216356.46
1927,49,215219.04
1927,50,214018.9
1927,51,212759.14
1927,52,211572.51
1927,53,210362.02
1927,54,209117.06
1927,55,207670.11
1928,12,.
1928,13,.
1928,14,.
1928,15,.
1928,16,.
1928,17,.
1928,18,.
1928,19,.
1928,20,.
1928,21,.
1928,22,.
1928,23,.
1928,24,.
1928,25,.
1928,26,.
1928,27,.
1928,28,.
1928,29,.
1928,30,.
1928,31,.
1928,32,.
1928,33,.
1928,34,.
1928,35,.
1928,36,.
1928,37,.
1928,38,.
1928,39,.
1928,40,.
1928,41,.
1928,42,.
1928,43,232594.53
1928,44,232053.5
1928,45,231461.66
1928,46,230827.33
1928,47,230130.75
1928,48,229357.77
1928,49,228490.37
1928,50,227564.56
1928,51,226398.86
1928,52,225176.79
1928,53,223901.68
1928,54,222467.89
1928,55,220962.11
1929,12,.
1929,13,.
1929,14,.
1929,15,.
1929,16,.
1929,17,.
1929,18,.
1929,19,.
1929,20,.
1929,21,.
1929,22,.
1929,23,.
1929,24,.
1929,25,.
1929,26,.
1929,27,.
1929,28,.
1929,29,.
1929,30,.
1929,31,.
1929,32,.
1929,33,.
1929,34,.
1929,35,.
1929,36,.
1929,37,.
1929,38,.
1929,39,.
1929,40,.
1929,41,.
1929,42,232719.08
1929,43,231937.36
1929,44,231099.87
1929,45,230226.8
1929,46,229339.71
1929,47,228394.3
1929,48,227361.9
1929,49,226242.24
1929,50,225042.17
1929,51,223898.13
1929,52,222681.47
1929,53,221317.27
1929,54,219986.15
1929,55,218507.54
1930,12,.
1930,13,.
1930,14,.
1930,15,.
1930,16,.
1930,17,.
1930,18,.
1930,19,.
1930,20,.
1930,21,.
1930,22,.
1930,23,.
1930,24,.
1930,25,.
1930,26,.
1930,27,.
1930,28,.
1930,29,.
1930,30,.
1930,31,.
1930,32,.
1930,33,.
1930,34,.
1930,35,.
1930,36,.
1930,37,.
1930,38,.
1930,39,.
1930,40,.
1930,41,246347.13
1930,42,245364.67
1930,43,244362.26
1930,44,243297.4
1930,45,242195.98
1930,46,241074.26
1930,47,239859.48
1930,48,238576.76
1930,49,237424.1
1930,50,236299.17
1930,51,235161.48
1930,52,233865.04
1930,53,232509.37
1930,54,231126.31
1930,55,229546.23
1931,12,.
1931,13,.
1931,14,.
1931,15,.
1931,16,.
1931,17,.
1931,18,.
1931,19,.
1931,20,.
1931,21,.
1931,22,.
1931,23,.
1931,24,.
1931,25,.
1931,26,.
1931,27,.
1931,28,.
1931,29,.
1931,30,.
1931,31,.
1931,32,.
1931,33,.
1931,34,.
1931,35,.
1931,36,.
1931,37,.
1931,38,.
1931,39,.
1931,40,233032.55
1931,41,232203.27
1931,42,231355.2
1931,43,230464.36
1931,44,229523.7
1931,45,228543.62
1931,46,227493.28
1931,47,226383.42
1931,48,225325.29
1931,49,224414.17
1931,50,223369.11
1931,51,222210.16
1931,52,220987.88
1931,53,219787.88
1931,54,218413.49
1931,55,216874.2
1932,12,.
1932,13,.
1932,14,.
1932,15,.
1932,16,.
1932,17,.
1932,18,.
1932,19,.
1932,20,.
1932,21,.
1932,22,.
1932,23,.
1932,24,.
1932,25,.
1932,26,.
1932,27,.
1932,28,.
1932,29,.
1932,30,.
1932,31,.
1932,32,.
1932,33,.
1932,34,.
1932,35,.
1932,36,.
1932,37,.
1932,38,.
1932,39,230299.77
1932,40,229825.09
1932,41,229321.34
1932,42,228768.34
1932,43,228224.73
1932,44,227602.4
1932,45,226935.9
1932,46,226214.48
1932,47,225346.75
1932,48,224322.44
1932,49,223309.58
1932,50,222234.68
1932,51,221076.59
1932,52,219913.33
1932,53,218678.51
1932,54,217315.26
1932,55,215817.32
1933,12,.
1933,13,.
1933,14,.
1933,15,.
1933,16,.
1933,17,.
1933,18,.
1933,19,.
1933,20,.
1933,21,.
1933,22,.
1933,23,.
1933,24,.
1933,25,.
1933,26,.
1933,27,.
1933,28,.
1933,29,.
1933,30,.
1933,31,.
1933,32,.
1933,33,.
1933,34,.
1933,35,.
1933,36,.
1933,37,.
1933,38,218052.39
1933,39,217560.28
1933,40,217039.07
1933,41,216477.95
1933,42,215913.08
1933,43,215283.7
1933,44,214622.75
1933,45,213899.48
1933,46,213020.37
1933,47,212251.96
1933,48,211399.79
1933,49,210477.02
1933,50,209532.52
1933,51,208569.4
1933,52,207458.26
1933,53,206249.96
1933,54,204971.21
1933,55,203761.69
1934,12,.
1934,13,.
1934,14,.
1934,15,.
1934,16,.
1934,17,.
1934,18,.
1934,19,.
1934,20,.
1934,21,.
1934,22,.
1934,23,.
1934,24,.
1934,25,.
1934,26,.
1934,27,.
1934,28,.
1934,29,.
1934,30,.
1934,31,.
1934,32,.
1934,33,.
1934,34,.
1934,35,.
1934,36,.
1934,37,220998.54
1934,38,220402.59
1934,39,219776.34
1934,40,219119.49
1934,41,218435.29
1934,42,217706.23
1934,43,216941.04
1934,44,216132.48
1934,45,215266.99
1934,46,214468.61
1934,47,213648.79
1934,48,212810.39
1934,49,211879.19
1934,50,210896.35
1934,51,209830.36
1934,52,208659.61
1934,53,207438.24
1934,54,205218.81
1934,55,203935.29
1935,12,.
1935,13,.
1935,14,.
1935,15,.
1935,16,.
1935,17,.
1935,18,.
1935,19,.
1935,20,.
1935,21,.
1935,22,.
1935,23,.
1935,24,.
1935,25,.
1935,26,.
1935,27,.
1935,28,.
1935,29,.
1935,30,.
1935,31,.
1935,32,.
1935,33,.
1935,34,.
1935,35,.
1935,36,224254.79
1935,37,223669.71
1935,38,223076.63
1935,39,222441.64
1935,40,221788.48
1935,41,221097.64
1935,42,220380.49
1935,43,219632.6
1935,44,218809.91
1935,45,218099.77
1935,46,217358.46
1935,47,216449.46
1935,48,215589.05
1935,49,214738.58
1935,50,213790.15
1935,51,212695.32
1935,52,211443.86
1935,53,210237.47
1935,54,208832.43
1935,55,207285.23
1936,12,.
1936,13,.
1936,14,.
1936,15,.
1936,16,.
1936,17,.
1936,18,.
1936,19,.
1936,20,.
1936,21,.
1936,22,.
1936,23,.
1936,24,.
1936,25,.
1936,26,.
1936,27,.
1936,28,.
1936,29,.
1936,30,.
1936,31,.
1936,32,.
1936,33,.
1936,34,.
1936,35,224691.52
1936,36,224448.42
1936,37,224207.26
1936,38,223937.08
1936,39,223639.15
1936,40,223302.32
1936,41,222942.88
1936,42,222572.04
1936,43,221827.11
1936,44,221106.46
1936,45,220373.12
1936,46,219561.15
1936,47,218755.87
1936,48,217928.28
1936,49,217009.95
1936,50,215973.43
1936,51,214908.46
1936,52,211360.47
1936,53,210167.12
1936,54,208896.76
1936,55,207499.07
1937,12,.
1937,13,.
1937,14,.
1937,15,.
1937,16,.
1937,17,.
1937,18,.
1937,19,.
1937,20,.
1937,21,.
1937,22,.
1937,23,.
1937,24,.
1937,25,.
1937,26,.
1937,27,.
1937,28,.
1937,29,.
1937,30,.
1937,31,.
1937,32,.
1937,33,.
1937,34,216885.27
1937,35,216294.56
1937,36,215696.99
1937,37,215088.27
1937,38,214445.83
1937,39,213770.26
1937,40,213058.19
1937,41,212320.69
1937,42,211606.36
1937,43,210972.29
1937,44,210317.72
1937,45,209562.38
1937,46,208829.07
1937,47,208121.39
1937,48,207331.57
1937,49,206475.38
1937,50,205467.1
1937,51,203894.93
1937,52,203042.4
1937,53,202088.04
1937,54,201090.84
1937,55,200016.82
1938,12,.
1938,13,.
1938,14,.
1938,15,.
1938,16,.
1938,17,.
1938,18,.
1938,19,.
1938,20,.
1938,21,.
1938,22,.
1938,23,.
1938,24,.
1938,25,.
1938,26,.
1938,27,.
1938,28,.
1938,29,.
1938,30,.
1938,31,.
1938,32,.
1938,33,214121.85
1938,34,213843.55
1938,35,213564.64
1938,36,213269.7
1938,37,212938.76
1938,38,212590.37
1938,39,212215.29
1938,40,211783.83
1938,41,211123.15
1938,42,210525.22
1938,43,209876.75
1938,44,209220.55
1938,45,208528.72
1938,46,207835.68
1938,47,207106.1
1938,48,206275.4
1938,49,205352.92
1938,50,203033.81
1938,51,201982.78
1938,52,200894.94
1938,53,199687.09
1938,54,198466.4
1938,55,197208.22
1939,12,.
1939,13,.
1939,14,.
1939,15,.
1939,16,.
1939,17,.
1939,18,.
1939,19,.
1939,20,.
1939,21,.
1939,22,.
1939,23,.
1939,24,.
1939,25,.
1939,26,.
1939,27,.
1939,28,.
1939,29,.
1939,30,.
1939,31,.
1939,32,212138.21
1939,33,211930.78
1939,34,211719.49
1939,35,211491.67
1939,36,211245.78
1939,37,210982.81
1939,38,210711.07
1939,39,210381.18
1939,40,209683.2
1939,41,209115.22
1939,42,208484.19
1939,43,207829.16
1939,44,207182.76
1939,45,206549.73
1939,46,205828.81
1939,47,205045.7
1939,48,204219.56
1939,49,202876.49
1939,50,201781.4
1939,51,200654.14
1939,52,199450.55
1939,53,198138.79
1939,54,196850.53
1939,55,195531.27
1940,12,.
1940,13,.
1940,14,.
1940,15,.
1940,16,.
1940,17,.
1940,18,.
1940,19,.
1940,20,.
1940,21,.
1940,22,.
1940,23,.
1940,24,.
1940,25,.
1940,26,.
1940,27,.
1940,28,.
1940,29,.
1940,30,.
1940,31,208210.79
1940,32,207781.41
1940,33,207342.18
1940,34,206892.78
1940,35,206444.85
1940,36,205972.13
1940,37,205489.47
1940,38,204978.32
1940,39,204328.81
1940,40,203849.73
1940,41,203286.68
1940,42,202700.94
1940,43,202115.35
1940,44,201579.25
1940,45,200915.84
1940,46,200202.24
1940,47,199352.73
1940,48,197451.39
1940,49,196682.31
1940,50,195838.39
1940,51,194894.47
1940,52,193890.06
1940,53,192848.81
1940,54,191746.89
1940,55,190560.14
1941,12,.
1941,13,.
1941,14,.
1941,15,.
1941,16,.
1941,17,.
1941,18,.
1941,19,.
1941,20,.
1941,21,.
1941,22,.
1941,23,.
1941,24,.
1941,25,.
1941,26,.
1941,27,.
1941,28,.
1941,29,.
1941,30,193961.78
1941,31,193574.99
1941,32,193180.05
1941,33,192792.12
1941,34,192385.02
1941,35,191962.38
1941,36,191522.5
1941,37,191073.18
1941,38,190512.24
1941,39,189999.6
1941,40,189471.41
1941,41,188885.26
1941,42,188322.29
1941,43,187810.14
1941,44,187261.85
1941,45,186578.96
1941,46,185821.02
1941,47,183336.29
1941,48,182912.53
1941,49,182403.77
1941,50,181843.68
1941,51,181252.92
1941,52,180636.83
1941,53,179994.74
1941,54,179283.98
1941,55,178518.38
1942,12,.
1942,13,.
1942,14,.
1942,15,.
1942,16,.
1942,17,.
1942,18,.
1942,19,.
1942,20,.
1942,21,.
1942,22,.
1942,23,.
1942,24,.
1942,25,.
1942,26,.
1942,27,.
1942,28,.
1942,29,182380.72
1942,30,182240.98
1942,31,182086.2
1942,32,181939.87
1942,33,181773.36
1942,34,181592.67
1942,35,181405.54
1942,36,181207.93
1942,37,180680.73
1942,38,180364.41
1942,39,179937.21
1942,40,179477.75
1942,41,178974.6
1942,42,178540.78
1942,43,178034.76
1942,44,177478.15
1942,45,176853.69
1942,46,175302.63
1942,47,174556.28
1942,48,173796.28
1942,49,172931.44
1942,50,172031.1
1942,51,171120.42
1942,52,170203.24
1942,53,169187.4
1942,54,168117.39
1942,55,167009.05
1943,12,.
1943,13,.
1943,14,.
1943,15,.
1943,16,.
1943,17,.
1943,18,.
1943,19,.
1943,20,.
1943,21,.
1943,22,.
1943,23,.
1943,24,.
1943,25,.
1943,26,.
1943,27,.
1943,28,183356.55
1943,29,183027.9
1943,30,182685.3
1943,31,182342.23
1943,32,181980.23
1943,33,181611.61
1943,34,181227.48
1943,35,180828.73
1943,36,180379.94
1943,37,180014.18
1943,38,179572.16
1943,39,179118.11
1943,40,178650.21
1943,41,178214.1
1943,42,177777.65
1943,43,177182.27
1943,44,176531.61
1943,45,175415.2
1943,46,174847.14
1943,47,174198.74
1943,48,173477.35
1943,49,172730.29
1943,50,171934.55
1943,51,171097.83
1943,52,170244.43
1943,53,169340.71
1943,54,168364.65
1943,55,167355.09
1944,12,.
1944,13,.
1944,14,.
1944,15,.
1944,16,.
1944,17,.
1944,18,.
1944,19,.
1944,20,.
1944,21,.
1944,22,.
1944,23,.
1944,24,.
1944,25,.
1944,26,.
1944,27,188775.75
1944,28,188311.67
1944,29,187844.78
1944,30,187372.05
1944,31,186879.14
1944,32,186382.87
1944,33,185870.11
1944,34,185336.53
1944,35,184875.3
1944,36,184529.01
1944,37,184128.11
1944,38,183663.28
1944,39,183195.37
1944,40,182767.98
1944,41,182298.67
1944,42,181780.79
1944,43,181178.94
1944,44,180885.19
1944,45,180261.36
1944,46,179607.87
1944,47,178892.21
1944,48,178162.56
1944,49,177388.9
1944,50,176549.41
1944,51,175665.75
1944,52,174746.93
1944,53,173784.44
1944,54,172780.45
1944,55,171729.79
1945,12,.
1945,13,.
1945,14,.
1945,15,.
1945,16,.
1945,17,.
1945,18,.
1945,19,.
1945,20,.
1945,21,.
1945,22,.
1945,23,.
1945,24,.
1945,25,.
1945,26,193200.42
1945,27,192470.1
1945,28,191735.49
1945,29,190995.31
1945,30,190248.66
1945,31,189488.95
1945,32,188702.61
1945,33,187907.71
1945,34,187534.51
1945,35,187211.33
1945,36,186875.84
1945,37,186430.26
1945,38,186009.71
1945,39,185628.7
1945,40,185176.28
1945,41,184664.46
1945,42,184117.22
1945,43,189543.82
1945,44,188248.02
1945,45,186927.54
1945,46,185538.74
1945,47,184090.27
1945,48,182603.14
1945,49,181087.51
1945,50,179559.21
1945,51,178003.74
1945,52,176334.11
1945,53,174617.97
1945,54,172893.67
1945,55,171118.02
1946,12,.
1946,13,.
1946,14,.
1946,15,.
1946,16,.
1946,17,.
1946,18,.
1946,19,.
1946,20,.
1946,21,.
1946,22,.
1946,23,.
1946,24,.
1946,25,257136.43
1946,26,256575.41
1946,27,255997.77
1946,28,255428.24
1946,29,254849.76
1946,30,254267.22
1946,31,253649.62
1946,32,253021.88
1946,33,252617.12
1946,34,252240.51
1946,35,251827.68
1946,36,251348.32
1946,37,250828.52
1946,38,250351.19
1946,39,249827.04
1946,40,249165.01
1946,41,248463.63
1946,42,248710.99
1946,43,247840.01
1946,44,246890.54
1946,45,245864.4
1946,46,244792.93
1946,47,243743.46
1946,48,242619.33
1946,49,241404.86
1946,50,240177.55
1946,51,238849.75
1946,52,237459.77
1946,53,236000.3
1946,54,234834.42
1946,55,234030
1947,12,.
1947,13,.
1947,14,.
1947,15,.
1947,16,.
1947,17,.
1947,18,.
1947,19,.
1947,20,.
1947,21,.
1947,22,.
1947,23,.
1947,24,279457.28
1947,25,278785.95
1947,26,278111.04
1947,27,277444.06
1947,28,276753.96
1947,29,276069.2
1947,30,275357.32
1947,31,274642.94
1947,32,274212.7
1947,33,273805.75
1947,34,273342.8
1947,35,272800.92
1947,36,272176.69
1947,37,271665.3
1947,38,271048.47
1947,39,270342.69
1947,40,269574.09
1947,41,270198.87
1947,42,269487.4
1947,43,268699.44
1947,44,267843.63
1947,45,266921.33
1947,46,265963.36
1947,47,264939.72
1947,48,263871.42
1947,49,262717.63
1947,50,261539.16
1947,51,260271.52
1947,52,258942.38
1947,53,257977.12
1947,54,257041.67
1947,55,255611.67
1948,12,.
1948,13,.
1948,14,.
1948,15,.
1948,16,.
1948,17,.
1948,18,.
1948,19,.
1948,20,.
1948,21,.
1948,22,.
1948,23,298754.91
1948,24,298472.95
1948,25,298184.98
1948,26,297903.67
1948,27,297596.85
1948,28,297293.67
1948,29,296961.58
1948,30,296627.31
1948,31,296173.4
1948,32,295739.66
1948,33,295256.98
1948,34,294716.91
1948,35,294143.35
1948,36,293550.48
1948,37,292926.89
1948,38,292218.98
1948,39,291403.73
1948,40,289588.45
1948,41,288697.18
1948,42,287713.74
1948,43,286668.12
1948,44,285562.01
1948,45,284480.24
1948,46,283289.47
1948,47,282050.85
1948,48,280815.91
1948,49,279474.14
1948,50,278011.53
1948,51,276478.92
1948,52,275331.07
1948,53,274461.33
1948,54,273064.5
1948,55,271659.83
1949,12,.
1949,13,.
1949,14,.
1949,15,.
1949,16,.
1949,17,.
1949,18,.
1949,19,.
1949,20,.
1949,21,.
1949,22,303239.13
1949,23,302722.24
1949,24,302208.03
1949,25,301697.61
1949,26,301170.31
1949,27,300634.81
1949,28,300083.87
1949,29,299515.47
1949,30,299050.52
1949,31,298616.47
1949,32,298162.17
1949,33,297560.64
1949,34,296943.4
1949,35,296390.93
1949,36,295851.38
1949,37,295150.6
1949,38,294351.82
1949,39,293996.35
1949,40,293421.92
1949,41,292809.65
1949,42,292124.56
1949,43,291377.97
1949,44,290625.87
1949,45,289826.78
1949,46,288969.02
1949,47,288068.76
1949,48,287049.17
1949,49,286001.74
1949,50,284828.15
1949,51,284070.44
1949,52,283218.83
1949,53,281838.5
1949,54,280431.5
1949,55,278994.83
1950,12,.
1950,13,.
1950,14,.
1950,15,.
1950,16,.
1950,17,.
1950,18,.
1950,19,.
1950,20,.
1950,21,322637.71
1950,22,321766.24
1950,23,320909.97
1950,24,320056.25
1950,25,319187.07
1950,26,318307.32
1950,27,317424.51
1950,28,316514.12
1950,29,316022.1
1950,30,315475.79
1950,31,315001.32
1950,32,314365.15
1950,33,313707.34
1950,34,313148.47
1950,35,312527.7
1950,36,311723.26
1950,37,310855.42
1950,38,311254.31
1950,39,310135.97
1950,40,308946.32
1950,41,307704.99
1950,42,306392.33
1950,43,305068.84
1950,44,303710.51
1950,45,302265.02
1950,46,300779.02
1950,47,299264.7
1950,48,297677.54
1950,49,296001.04
1950,50,294775.44
1950,51,293858.5
1950,52,292550.67
1950,53,291155.17
1950,54,289709.17
1950,55,288152
1951,12,.
1951,13,.
1951,14,.
1951,15,.
1951,16,.
1951,17,.
1951,18,.
1951,19,.
1951,20,332406.28
1951,21,331427.73
1951,22,330457.74
1951,23,329488.09
1951,24,328496.12
1951,25,327512.78
1951,26,326514.27
1951,27,325504.57
1951,28,324978.65
1951,29,324450.85
1951,30,323940.45
1951,31,323281.33
1951,32,322612.67
1951,33,322041.1
1951,34,321469.22
1951,35,320769.16
1951,36,319902.63
1951,37,319050.77
1951,38,318442.54
1951,39,317774.31
1951,40,317013.4
1951,41,316188.17
1951,42,315353.94
1951,43,314447.21
1951,44,313467.32
1951,45,312456.25
1951,46,311420.51
1951,47,310337.95
1951,48,309163.89
1951,49,308861.08
1951,50,308373.67
1951,51,306937.5
1951,52,305559.67
1951,53,304166.17
1951,54,302699.67
1951,55,301025
1952,12,.
1952,13,.
1952,14,.
1952,15,.
1952,16,.
1952,17,.
1952,18,.
1952,19,337331.24
1952,20,336593.03
1952,21,335864.64
1952,22,335140.6
1952,23,334397.89
1952,24,333664.97
1952,25,332903.26
1952,26,332147.46
1952,27,331618.66
1952,28,331115.35
1952,29,330614.16
1952,30,329904.23
1952,31,329250.83
1952,32,328700.65
1952,33,328121.75
1952,34,327347.28
1952,35,326470.82
1952,36,324773.12
1952,37,323870.06
1952,38,322914.34
1952,39,321881.95
1952,40,320807.73
1952,41,319711.01
1952,42,318582.45
1952,43,317415.22
1952,44,316178.34
1952,45,314893.62
1952,46,313541.23
1952,47,312160.83
1952,48,311616.47
1952,49,311267
1952,50,309969
1952,51,308642
1952,52,307311.33
1952,53,305910.17
1952,54,304347.17
1952,55,302671.5
1953,12,.
1953,13,.
1953,14,.
1953,15,.
1953,16,.
1953,17,.
1953,18,339869.33
1953,19,338927.96
1953,20,337997.42
1953,21,337064.02
1953,22,336128.09
1953,23,335198.36
1953,24,334252.09
1953,25,333304.19
1953,26,332687.78
1953,27,332260.19
1953,28,331772.99
1953,29,331130.16
1953,30,330438.9
1953,31,329890.57
1953,32,329274.11
1953,33,328509.47
1953,34,327629.29
1953,35,327149.44
1953,36,326254.02
1953,37,325309.1
1953,38,324284.19
1953,39,323275.1
1953,40,322240.19
1953,41,321165.44
1953,42,320050.02
1953,43,318875.77
1953,44,317658.34
1953,45,316348.93
1953,46,315025.01
1953,47,314501.8
1953,48,314230.17
1953,49,313057.33
1953,50,311866.33
1953,51,310553
1953,52,309281.67
1953,53,307875.17
1953,54,306405.83
1953,55,304792.67
1954,12,.
1954,13,.
1954,14,.
1954,15,.
1954,16,.
1954,17,342144.81
1954,18,341093.5
1954,19,340043.76
1954,20,338994.68
1954,21,337948.95
1954,22,336904.1
1954,23,335861.28
1954,24,334798.1
1954,25,334259.64
1954,26,333768.89
1954,27,333262.72
1954,28,332623.44
1954,29,331973.12
1954,30,331436.81
1954,31,330840.48
1954,32,330147.09
1954,33,329259.82
1954,34,327901.76
1954,35,327024.61
1954,36,326095.95
1954,37,325105.47
1954,38,324117.31
1954,39,323083.32
1954,40,322017.16
1954,41,320907.67
1954,42,319749.19
1954,43,318552.86
1954,44,317299.54
1954,45,315954.22
1954,46,315503.53
1954,47,315313.83
1954,48,314140.67
1954,49,313002.5
1954,50,311865.17
1954,51,310534
1954,52,309204.5
1954,53,307791.5
1954,54,306279
1954,55,304729.5
1955,12,.
1955,13,.
1955,14,.
1955,15,.
1955,16,350494.6
1955,17,349321.55
1955,18,348122.17
1955,19,346923.25
1955,20,345729.7
1955,21,344531.05
1955,22,343331.68
1955,23,342115.93
1955,24,341511.62
1955,25,340975.91
1955,26,340420.51
1955,27,339708.57
1955,28,339027.31
1955,29,338539.84
1955,30,337944.8
1955,31,337208.84
1955,32,336248.27
1955,33,336326.21
1955,34,335564.71
1955,35,334768.21
1955,36,333912.38
1955,37,333069.39
1955,38,332196.56
1955,39,331283.39
1955,40,330327.4
1955,41,329319.56
1955,42,328276.89
1955,43,327199.06
1955,44,326062.23
1955,45,325832.29
1955,46,325778.17
1955,47,324735.67
1955,48,323648.83
1955,49,322501
1955,50,321193.5
1955,51,319728.67
1955,52,318407.17
1955,53,316970.33
1955,54,315602
1955,55,314108.83
1956,12,.
1956,13,.
1956,14,.
1956,15,344313.89
1956,16,343513.12
1956,17,342685.44
1956,18,341851.18
1956,19,341006.15
1956,20,340161.47
1956,21,339305.48
1956,22,338446.97
1956,23,337861.45
1956,24,337358.86
1956,25,336871.76
1956,26,336196.23
1956,27,335580.47
1956,28,335092.54
1956,29,334512.15
1956,30,333790.22
1956,31,332842.47
1956,32,333418.54
1956,33,332437.43
1956,34,331424.66
1956,35,330365.72
1956,36,329307.28
1956,37,328219.67
1956,38,327106.07
1956,39,325923.96
1956,40,324738.19
1956,41,323523.92
1956,42,322248.64
1956,43,320894.37
1956,44,320980.96
1956,45,321548
1956,46,320496.83
1956,47,319528.5
1956,48,318487.33
1956,49,317240.67
1956,50,315835
1956,51,314371.33
1956,52,313079.17
1956,53,311744
1956,54,310399.5
1956,55,308975.67
1957,12,.
1957,13,.
1957,14,345390.19
1957,15,344037.53
1957,16,342670.77
1957,17,341305.17
1957,18,339919.57
1957,19,338531.08
1957,20,337129.53
1957,21,335731.94
1957,22,335150.07
1957,23,334675.77
1957,24,334186.7
1957,25,333532.83
1957,26,332935.39
1957,27,332438.86
1957,28,331867.78
1957,29,331080.81
1957,30,330254.4
1957,31,332439.66
1957,32,331718.06
1957,33,330967.29
1957,34,330174.68
1957,35,329357.75
1957,36,328529.15
1957,37,327672.05
1957,38,326794.27
1957,39,325907.17
1957,40,324976.24
1957,41,323963.14
1957,42,322931.36
1957,43,323387.71
1957,44,323963.33
1957,45,323004
1957,46,322074.5
1957,47,321102.33
1957,48,320023.17
1957,49,318749.67
1957,50,317402.17
1957,51,315938.67
1957,52,314649.33
1957,53,313392
1957,54,312005.5
1957,55,310230.83
1958,12,.
1958,13,337444.91
1958,14,336459.8
1958,15,335465.78
1958,16,334460.64
1958,17,333447.44
1958,18,332424.47
1958,19,331390.19
1958,20,330357.36
1958,21,329788.14
1958,22,329295.09
1958,23,328830.42
1958,24,328233.03
1958,25,327670.63
1958,26,327220.65
1958,27,326707.51
1958,28,326067.72
1958,29,325199.42
1958,30,326780.9
1958,31,325900.6
1958,32,325009.64
1958,33,324101.51
1958,34,323167.54
1958,35,322226.09
1958,36,321273.62
1958,37,320285.16
1958,38,319268.7
1958,39,318230.74
1958,40,317120.27
1958,41,315974.31
1958,42,316319.84
1958,43,316893
1958,44,315982
1958,45,315063.83
1958,46,314115
1958,47,313011
1958,48,311843.5
1958,49,310619
1958,50,309318.17
1958,51,308207.67
1958,52,307096.83
1958,53,305839.83
1958,54,304224.67
1958,55,302537.66
1959,12,319255.66
1959,13,317850.26
1959,14,316445.27
1959,15,315029.2
1959,16,313593.32
1959,17,312148.68
1959,18,310696.36
1959,19,309235.84
1959,20,308682.62
1959,21,308253.99
1959,22,307818.51
1959,23,307278.77
1959,24,306769.95
1959,25,306343.11
1959,26,305824.48
1959,27,305220.41
1959,28,304459.23
1959,29,308249.48
1959,30,307908.75
1959,31,307549.18
1959,32,307168.45
1959,33,306775.88
1959,34,306349.31
1959,35,305917.24
1959,36,305480.18
1959,37,305016.77
1959,38,304512.04
1959,39,303977.47
1959,40,303402.4
1959,41,304251.08
1959,42,304935.17
1959,43,304065
1959,44,303241.67
1959,45,302399.17
1959,46,301463.67
1959,47,300382.17
1959,48,299182.17
1959,49,297991.67
1959,50,297010.17
1959,51,295945.17
1959,52,294821.83
1959,53,293428
1959,54,291977
1959,55,290445.17
1960,12,303387.64
1960,13,302674.11
1960,14,301967.56
1960,15,301232.88
1960,16,300492.06
1960,17,299747.3
1960,18,298981.41
1960,19,298437.74
1960,20,298078.8
1960,21,297647.44
1960,22,297161.46
1960,23,296714.15
1960,24,296349.33
1960,25,295870.07
1960,26,295301.76
1960,27,294664.86
1960,28,294819.75
1960,29,293951.81
1960,30,293074.54
1960,31,292183.76
1960,32,291285.16
1960,33,290387.55
1960,34,289448.11
1960,35,288496.17
1960,36,287519.39
1960,37,286498.45
1960,38,285482.34
1960,39,284437.9
1960,40,284674.06
1960,41,285239.33
1960,42,284518.33
1960,43,283709
1960,44,282970.33
1960,45,282114.67
1960,46,281133
1960,47,280059
1960,48,278990
1960,49,278132.67
1960,50,277250.5
1960,51,276306.33
1960,52,275051.33
1960,53,273812
1960,54,272438.83
1960,55,271012.33
1961,12,280870.29
1961,13,280591.46
1961,14,280297.47
1961,15,279995.89
1961,16,279692.56
1961,17,279370.72
1961,18,278855.38
1961,19,278535.35
1961,20,278137.58
1961,21,277716.25
1961,22,277310.76
1961,23,276972.86
1961,24,276591.21
1961,25,276113.37
1961,26,275475.4
1961,27,271786.49
1961,28,271359.04
1961,29,270912.59
1961,30,270429.47
1961,31,269977.01
1961,32,269500.22
1961,33,269016.93
1961,34,268506.31
1961,35,268003.69
1961,36,267486.4
1961,37,266923.28
1961,38,266344.83
1961,39,267077.35
1961,40,267779.67
1961,41,267094.33
1961,42,266457.33
1961,43,265733.17
1961,44,264919.33
1961,45,264036.67
1961,46,263151.83
1961,47,262208.33
1961,48,261522.83
1961,49,260765.83
1961,50,259985.67
1961,51,258923.95
1961,52,257777.23
1961,53,256580.33
1961,54,255338.78
1961,55,254052.06
1962,12,270614.49
1962,13,270624.48
1962,14,270626.52
1962,15,270618.47
1962,16,270602.69
1962,17,270108.73
1962,18,269833.99
1962,19,269477.97
1962,20,269108.19
1962,21,268733.18
1962,22,268445.38
1962,23,268113.05
1962,24,267681.23
1962,25,267171.64
1962,26,263750.53
1962,27,263033.31
1962,28,262316.59
1962,29,261592.21
1962,30,260854.16
1962,31,260123.93
1962,32,259366.21
1962,33,258587.66
1962,34,257825.28
1962,35,257026.05
1962,36,256212.84
1962,37,255365.45
1962,38,255825.7
1962,39,256565.67
1962,40,255961.17
1962,41,255381
1962,42,254770
1962,43,254040
1962,44,253175
1962,45,252295.33
1962,46,251463.67
1962,47,250840.5
1962,48,250214.83
1962,49,249504.17
1962,50,248485.73
1962,51,247449.44
1962,52,246390.5
1962,53,245312.89
1962,54,244137.78
1962,55,242878.5
1963,12,267984.38
1963,13,268127.66
1963,14,268258.74
1963,15,268381.55
1963,16,267943.81
1963,17,267700.18
1963,18,267377.91
1963,19,267020.34
1963,20,266706.55
1963,21,266458.7
1963,22,266151.91
1963,23,265784.98
1963,24,265318.96
1963,25,259104.62
1963,26,258508.23
1963,27,257885.68
1963,28,257253.46
1963,29,256620.74
1963,30,255991.68
1963,31,255355.8
1963,32,254716.24
1963,33,254056.86
1963,34,253401.8
1963,35,252714.75
1963,36,252007.7
1963,37,252552.24
1963,38,253323.17
1963,39,252735.33
1963,40,252227
1963,41,251717
1963,42,251110.17
1963,43,250302.17
1963,44,249521
1963,45,248709.5
1963,46,248139.5
1963,47,247576.83
1963,48,246951.17
1963,49,246027.78
1963,50,245080.89
1963,51,244094.5
1963,52,243038.28
1963,53,241952.39
1963,54,240792.17
1963,55,239538.11
1964,12,258398.95
1964,13,258166.09
1964,14,257926.67
1964,15,257540.61
1964,16,257254.06
1964,17,256961.73
1964,18,256653.03
1964,19,256360.74
1964,20,256113.16
1964,21,255853.68
1964,22,255535.44
1964,23,255152.36
1964,24,252321.12
1964,25,251720.25
1964,26,251111.53
1964,27,250502.98
1964,28,249875.11
1964,29,249254.89
1964,30,248626.52
1964,31,248000.97
1964,32,247357.58
1964,33,246698.21
1964,34,246041.83
1964,35,245364.79
1964,36,245912.54
1964,37,246713
1964,38,246183.67
1964,39,245649.17
1964,40,245176.5
1964,41,244603
1964,42,243896.33
1964,43,243144.83
1964,44,242375.83
1964,45,241835.5
1964,46,241271.33
1964,47,240695
1964,48,239857.61
1964,49,238998.56
1964,50,238085.16
1964,51,237105.45
1964,52,236084.89
1964,53,235061.34
1964,54,233986.44
1964,55,232827.73
1965,12,251005
1965,13,250701.19
1965,14,250330.69
1965,15,250069.13
1965,16,249784.36
1965,17,249513.86
1965,18,249260.94
1965,19,249073.04
1965,20,248841.46
1965,21,248579.65
1965,22,248244.49
1965,23,244350.27
1965,24,243883.5
1965,25,243415.73
1965,26,242948.12
1965,27,242487.01
1965,28,242019.07
1965,29,241550.8
1965,30,241072.7
1965,31,240591.6
1965,32,240100.99
1965,33,239601.88
1965,34,239098.94
1965,35,239780.17
1965,36,240537.83
1965,37,240038.67
1965,38,239607.67
1965,39,239138.5
1965,40,238619.5
1965,41,237950.83
1965,42,237221.5
1965,43,236459.83
1965,44,235967.17
1965,45,235489.33
1965,46,235000.5
1965,47,234266.67
1965,48,233482.83
1965,49,232656.33
1965,50,231775.33
1965,51,230847.83
1965,52,229880.33
1965,53,228862.83
1965,54,227760.17
1965,55,226513.33
1966,12,245817.5
1966,13,245480.61
1966,14,245204.58
1966,15,244960.91
1966,16,244666.82
1966,17,244451.08
1966,18,244271.84
1966,19,244109.6
1966,20,243863.91
1966,21,243545.48
1966,22,238292.73
1966,23,237997.37
1966,24,237711.34
1966,25,237412.97
1966,26,237107.95
1966,27,236817.42
1966,28,236500.39
1966,29,236177.2
1966,30,235847.83
1966,31,235531.8
1966,32,235206.78
1966,33,234871.42
1966,34,235945.61
1966,35,236970.83
1966,36,236508.5
1966,37,236095.17
1966,38,235691.33
1966,39,235217.5
1966,40,234594.83
1966,41,233900.5
1966,42,233207.67
1966,43,232784.17
1966,44,232359.67
1966,45,231911.5
1966,46,231220.33
1966,47,230500.67
1966,48,229714.83
1966,49,228913.83
1966,50,228096.67
1966,51,227207.5
1966,52,226252.66
1966,53,225269.5
1966,54,224099.17
1966,55,223101.33
1967,12,241787.21
1967,13,241570.4
1967,14,241353.4
1967,15,241085.75
1967,16,240877.51
1967,17,240712.77
1967,18,240535.79
1967,19,240336.12
1967,20,240077.77
1967,21,234513.17
1967,22,234338.29
1967,23,234184.26
1967,24,234010.88
1967,25,233860.35
1967,26,233703.3
1967,27,233523.1
1967,28,233345.39
1967,29,233174.53
1967,30,232996.15
1967,31,232811.12
1967,32,232613.57
1967,33,233820.6
1967,34,234899.67
1967,35,234468
1967,36,234108.17
1967,37,233783.17
1967,38,233361.67
1967,39,232746
1967,40,232140.17
1967,41,231459.5
1967,42,231051.17
1967,43,230621.83
1967,44,230167.33
1967,45,229541.72
1967,46,228872.94
1967,47,228181
1967,48,227401.39
1967,49,226624.44
1967,50,225777.83
1967,51,224913.23
1967,52,224015.11
1967,53,222990.67
1967,54,222074.83
1967,55,.
1968,12,246186.62
1968,13,245977.71
1968,14,245749.21
1968,15,245518.17
1968,16,245351.59
1968,17,245220.53
1968,18,245021.22
1968,19,244789.89
1968,20,238288.26
1968,21,237926.61
1968,22,237568.45
1968,23,237224.79
1968,24,236870.14
1968,25,236525.64
1968,26,236179.32
1968,27,235826.84
1968,28,235465.01
1968,29,235096.85
1968,30,234731.2
1968,31,234357.37
1968,32,235393.27
1968,33,236480.5
1968,34,236096
1968,35,235737.33
1968,36,235425.33
1968,37,235035.83
1968,38,234475.33
1968,39,233917.67
1968,40,233298.67
1968,41,232900.17
1968,42,232492.83
1968,43,232053.17
1968,44,231447.39
1968,45,230826.44
1968,46,230176
1968,47,229487.22
1968,48,228738.44
1968,49,227960
1968,50,227152.73
1968,51,226286.78
1968,52,225295.17
1968,53,224471
1968,54,.
1968,55,.
1969,12,245636.09
1969,13,245397.84
1969,14,245165.83
1969,15,245026.37
1969,16,244868.96
1969,17,244698.74
1969,18,244479.33
1969,19,239004.64
1969,20,238920.37
1969,21,238831.43
1969,22,238743.66
1969,23,238666.21
1969,24,238575.77
1969,25,238493.16
1969,26,238413.72
1969,27,238340.77
1969,28,238257.84
1969,29,238163.4
1969,30,238067.45
1969,31,239419.84
1969,32,240526
1969,33,240116.33
1969,34,239775
1969,35,239463.33
1969,36,239088.17
1969,37,238523
1969,38,237926.17
1969,39,237313.17
1969,40,236927
1969,41,236571.17
1969,42,236164
1969,43,235615.83
1969,44,235063
1969,45,234496.33
1969,46,233889.33
1969,47,233245.5
1969,48,232546.33
1969,49,231813.17
1969,50,231015.17
1969,51,230126.33
1969,52,229390.67
1969,53,.
1969,54,.
1969,55,.
1970,12,255399.29
1970,13,255189.38
1970,14,255062.13
1970,15,254913.24
1970,16,254737.35
1970,17,254519.17
1970,18,255796.84
1970,19,254962.41
1970,20,254133.64
1970,21,253283.38
1970,22,252431.28
1970,23,251594.19
1970,24,250765.76
1970,25,249926.83
1970,26,249090.73
1970,27,248230.98
1970,28,247369.21
1970,29,246508.78
1970,30,247134.68
1970,31,248306.17
1970,32,247950.5
1970,33,247642
1970,34,247367.83
1970,35,247009.5
1970,36,246430.83
1970,37,245882
1970,38,245283.83
1970,39,244910.67
1970,40,244559
1970,41,244172
1970,42,243626.61
1970,43,243066.56
1970,44,242487.5
1970,45,241908.78
1970,46,241273.89
1970,47,240616.5
1970,48,239910.27
1970,49,239160.55
1970,50,238281.33
1970,51,237548.67
1970,52,.
1970,53,.
1970,54,.
1970,55,.
1971,12,260838.04
1971,13,260694.61
1971,14,260568.39
1971,15,260379.25
1971,16,260131.52
1971,17,265002.68
1971,18,264025.52
1971,19,263056.2
1971,20,262072.21
1971,21,261092.55
1971,22,260127.9
1971,23,259175.74
1971,24,258218.25
1971,25,257244.93
1971,26,256278.27
1971,27,255310.78
1971,28,254336.63
1971,29,254998.48
1971,30,256364
1971,31,255998.83
1971,32,255691.5
1971,33,255445.33
1971,34,255101
1971,35,254565.67
1971,36,254046.83
1971,37,253474
1971,38,253139
1971,39,252817.33
1971,40,252422.67
1971,41,251930.67
1971,42,251442.83
1971,43,250941.83
1971,44,250387.67
1971,45,249799.67
1971,46,249168.33
1971,47,248504.83
1971,48,247772.33
1971,49,246972.17
1971,50,246227
1971,51,.
1971,52,.
1971,53,.
1971,54,.
1971,55,.
1972,12,276337.64
1972,13,276178.39
1972,14,275972.34
1972,15,275722.74
1972,16,278477.61
1972,17,277167.5
1972,18,275835.56
1972,19,274487.11
1972,20,273159.68
1972,21,271838.57
1972,22,270510.29
1972,23,269198.69
1972,24,267884.92
1972,25,266589.14
1972,26,265282.71
1972,27,263966.43
1972,28,264354.66
1972,29,265722.5
1972,30,265358.17
1972,31,265047.17
1972,32,264766.5
1972,33,264392
1972,34,263870.83
1972,35,263348
1972,36,262752.67
1972,37,262422.17
1972,38,262084.33
1972,39,261734.83
1972,40,261305.06
1972,41,260857.28
1972,42,260380.84
1972,43,259880.39
1972,44,259331.11
1972,45,258749.33
1972,46,258146.89
1972,47,257513.94
1972,48,256802
1972,49,256126.17
1972,50,.
1972,51,.
1972,52,.
1972,53,.
1972,54,.
1972,55,.
1973,12,282129.73
1973,13,281951.82
1973,14,281659.86
1973,15,289055.61
1973,16,287708.44
1973,17,286362.11
1973,18,284999.44
1973,19,283616.45
1973,20,282245.62
1973,21,280893.12
1973,22,279527.95
1973,23,278174.96
1973,24,276809.46
1973,25,275445.63
1973,26,274087.3
1973,27,274509.07
1973,28,275914.83
1973,29,275552
1973,30,275226.17
1973,31,274958
1973,32,274635
1973,33,274058.83
1973,34,273518.17
1973,35,272925.67
1973,36,272600.33
1973,37,272278
1973,38,271927.67
1973,39,271496.28
1973,40,271052.05
1973,41,270591.16
1973,42,270088.27
1973,43,269572.39
1973,44,269011.67
1973,45,268399.78
1973,46,267771.22
1973,47,267102
1973,48,266489.67
1973,49,.
1973,50,.
1973,51,.
1973,52,.
1973,53,.
1973,54,.
1973,55,.
1974,12,293345.72
1974,13,293092.72
1974,14,293910.48
1974,15,293047
1974,16,292161.86
1974,17,291263.22
1974,18,290369.73
1974,19,289467.09
1974,20,288563.28
1974,21,287681.97
1974,22,286802.49
1974,23,285926.35
1974,24,285039.04
1974,25,284143.72
1974,26,285099.79
1974,27,286596
1974,28,286206.67
1974,29,285817.17
1974,30,285543.17
1974,31,285166.5
1974,32,284571.83
1974,33,284031.17
1974,34,283410.5
1974,35,283075.33
1974,36,282721.83
1974,37,282353.33
1974,38,281940.16
1974,39,281520
1974,40,281062
1974,41,280607.16
1974,42,280133
1974,43,279596.83
1974,44,279044.83
1974,45,278439.17
1974,46,277794.83
1974,47,277184.17
1974,48,.
1974,49,.
1974,50,.
1974,51,.
1974,52,.
1974,53,.
1974,54,.
1974,55,.
1975,12,306955.66
1975,13,306485.63
1975,14,305492.76
1975,15,304485.89
1975,16,303462.85
1975,17,302425.98
1975,18,301391.43
1975,19,300348.9
1975,20,299321.19
1975,21,298303.99
1975,22,297273.45
1975,23,296237.91
1975,24,295208.7
1975,25,296105.67
1975,26,297641.67
1975,27,297302.67
1975,28,296974.83
1975,29,296700.67
1975,30,296330
1975,31,295682.17
1975,32,295127.5
1975,33,294532
1975,34,294175.67
1975,35,293824.17
1975,36,293475.33
1975,37,293102.5
1975,38,292695.33
1975,39,292296.83
1975,40,291859.17
1975,41,291401.33
1975,42,290927.83
1975,43,290442.84
1975,44,289911.66
1975,45,289286.67
1975,46,288669.83
1975,47,.
1975,48,.
1975,49,.
1975,50,.
1975,51,.
1975,52,.
1975,53,.
1975,54,.
1975,55,.
1976,12,314942.63
1976,13,314001.96
1976,14,313051.96
1976,15,312090.45
1976,16,311130.62
1976,17,310156.78
1976,18,309161.95
1976,19,308177.78
1976,20,307192.62
1976,21,306221.44
1976,22,305241.27
1976,23,304264.61
1976,24,305901.39
1976,25,308158.67
1976,26,307761
1976,27,307417.17
1976,28,307119.83
1976,29,306779.17
1976,30,306059.17
1976,31,305476.33
1976,32,304840.67
1976,33,304490.83
1976,34,304200
1976,35,303864
1976,36,303503.06
1976,37,303139.44
1976,38,302726.34
1976,39,302306.55
1976,40,301869.45
1976,41,301418
1976,42,300958.06
1976,43,300443.61
1976,44,299871.17
1976,45,299338.83
1976,46,.
1976,47,.
1976,48,.
1976,49,.
1976,50,.
1976,51,.
1976,52,.
1976,53,.
1976,54,.
1976,55,.
1977,12,310061.73
1977,13,309341.94
1977,14,308611.32
1977,15,307880.37
1977,16,307118.25
1977,17,306356.96
1977,18,305607.85
1977,19,304860.06
1977,20,304110.61
1977,21,303364.99
1977,22,302595.03
1977,23,304449.29
1977,24,306690
1977,25,306264.83
1977,26,305956.17
1977,27,305669.83
1977,28,305270
1977,29,304507.33
1977,30,303912.17
1977,31,303331.67
1977,32,302984.83
1977,33,302682
1977,34,302348.5
1977,35,302001.89
1977,36,301618.11
1977,37,301234.34
1977,38,300854.55
1977,39,300441.45
1977,40,299991.33
1977,41,299518.22
1977,42,299028.44
1977,43,298448.67
1977,44,297971.83
1977,45,.
1977,46,.
1977,47,.
1977,48,.
1977,49,.
1977,50,.
1977,51,.
1977,52,.
1977,53,.
1977,54,.
1977,55,.
1978,12,315555.19
1978,13,314486.16
1978,14,313418.8
1978,15,312346.11
1978,16,311244.42
1978,17,310117.23
1978,18,308985.2
1978,19,307854.68
1978,20,306733.16
1978,21,305626.3
1978,22,307150.55
1978,23,309453.17
1978,24,309069.17
1978,25,308693.33
1978,26,308427.17
1978,27,308056.5
1978,28,307273.67
1978,29,306760.17
1978,30,306181.5
1978,31,305816.17
1978,32,305499.33
1978,33,305152
1978,34,304802.11
1978,35,304457.39
1978,36,304093.83
1978,37,303704.61
1978,38,303317.73
1978,39,302907.67
1978,40,302463.45
1978,41,302005.06
1978,42,301490.5
1978,43,300993.33
1978,44,.
1978,45,.
1978,46,.
1978,47,.
1978,48,.
1978,49,.
1978,50,.
1978,51,.
1978,52,.
1978,53,.
1978,54,.
1978,55,.
1979,12,320535.24
1979,13,319739.14
1979,14,318949.73
1979,15,318143.8
1979,16,317315.38
1979,17,316488.29
1979,18,315648.04
1979,19,314810.45
1979,20,313979.03
1979,21,315852.14
1979,22,318185.83
1979,23,317751.5
1979,24,317432.83
1979,25,317110.5
1979,26,316655.33
1979,27,315646.17
1979,28,315076.5
1979,29,314505.83
1979,30,314183.67
1979,31,313878.17
1979,32,313480.83
1979,33,313118.61
1979,34,312767.89
1979,35,312394.66
1979,36,311991.94
1979,37,311566.22
1979,38,311137.17
1979,39,310668.11
1979,40,310193.39
1979,41,309693.5
1979,42,309257.17
1979,43,.
1979,44,.
1979,45,.
1979,46,.
1979,47,.
1979,48,.
1979,49,.
1979,50,.
1979,51,.
1979,52,.
1979,53,.
1979,54,.
1979,55,.
1980,12,324234.01
1980,13,323292.23
1980,14,322332.29
1980,15,321352.51
1980,16,320359.39
1980,17,319361.61
1980,18,318361.17
1980,19,317354.39
1980,20,319085.97
1980,21,321440.17
1980,22,321049.17
1980,23,320717.67
1980,24,320428.83
1980,25,320023.5
1980,26,318964
1980,27,318372.17
1980,28,317833.17
1980,29,317518.17
1980,30,317181.5
1980,31,316831.67
1980,32,316442.11
1980,33,316060.22
1980,34,315668
1980,35,315270.11
1980,36,314836.06
1980,37,314364.67
1980,38,313898.11
1980,39,313411.89
1980,40,312885
1980,41,312477.67
1980,42,.
1980,43,.
1980,44,.
1980,45,.
1980,46,.
1980,47,.
1980,48,.
1980,49,.
1980,50,.
1980,51,.
1980,52,.
1980,53,.
1980,54,.
1980,55,.
1981,12,319534.06
1981,13,319127.88
1981,14,318705.87
1981,15,318276.35
1981,16,317829.34
1981,17,317381.33
1981,18,316930.15
1981,19,316049.99
1981,20,315295.67
1981,21,314900.17
1981,22,314553
1981,23,314262.17
1981,24,313903.5
1981,25,312858.5
1981,26,312259
1981,27,311691
1981,28,311393.83
1981,29,311151.33
1981,30,310854.83
1981,31,310468
1981,32,310066.16
1981,33,309669
1981,34,309253.17
1981,35,308816.83
1981,36,308376
1981,37,307912.17
1981,38,307438.66
1981,39,306913.5
1981,40,306531.83
1981,41,.
1981,42,.
1981,43,.
1981,44,.
1981,45,.
1981,46,.
1981,47,.
1981,48,.
1981,49,.
1981,50,.
1981,51,.
1981,52,.
1981,53,.
1981,54,.
1981,55,.
1982,12,332672.59
1982,13,332119.48
1982,14,331567.37
1982,15,331006.76
1982,16,330428.65
1982,17,329829.87
1982,18,328791.71
1982,19,328019.5
1982,20,327608.5
1982,21,327277.5
1982,22,327009
1982,23,326627.5
1982,24,325655.83
1982,25,325137.67
1982,26,324594.17
1982,27,324330
1982,28,324063.67
1982,29,323747.83
1982,30,323300.94
1982,31,322845.89
1982,32,322383.33
1982,33,321923.77
1982,34,321448.39
1982,35,320958.67
1982,36,320461.95
1982,37,319912.89
1982,38,319338
1982,39,318983
1982,40,.
1982,41,.
1982,42,.
1982,43,.
1982,44,.
1982,45,.
1982,46,.
1982,47,.
1982,48,.
1982,49,.
1982,50,.
1982,51,.
1982,52,.
1982,53,.
1982,54,.
1982,55,.
1983,12,342109.57
1983,13,341854.21
1983,14,341590.84
1983,15,341329.81
1983,16,341049.27
1983,17,340299.45
1983,18,339548.33
1983,19,339186.5
1983,20,338848.33
1983,21,338522.17
1983,22,338123.67
1983,23,337292.5
1983,24,336779.33
1983,25,336219.33
1983,26,335998.33
1983,27,335746.83
1983,28,335369.33
1983,29,334880.5
1983,30,334391.66
1983,31,333909
1983,32,333413.84
1983,33,332893.16
1983,34,332369.83
1983,35,331819.5
1983,36,331285.5
1983,37,330688.5
1983,38,330291
1983,39,.
1983,40,.
1983,41,.
1983,42,.
1983,43,.
1983,44,.
1983,45,.
1983,46,.
1983,47,.
1983,48,.
1983,49,.
1983,50,.
1983,51,.
1983,52,.
1983,53,.
1983,54,.
1983,55,.
1984,12,331114.75
1984,13,330745.2
1984,14,330366.63
1984,15,329973.91
1984,16,329140.35
1984,17,328390
1984,18,327997.83
1984,19,327649.33
1984,20,327318.33
1984,21,326917.17
1984,22,326127.83
1984,23,325655.17
1984,24,325223.83
1984,25,325026.83
1984,26,324818.5
1984,27,324536
1984,28,324096.72
1984,29,323653.28
1984,30,323206.34
1984,31,322763.06
1984,32,322297.61
1984,33,321810.83
1984,34,321307.55
1984,35,320805.78
1984,36,320251.83
1984,37,319960.17
1984,38,.
1984,39,.
1984,40,.
1984,41,.
1984,42,.
1984,43,.
1984,44,.
1984,45,.
1984,46,.
1984,47,.
1984,48,.
1984,49,.
1984,50,.
1984,51,.
1984,52,.
1984,53,.
1984,54,.
1984,55,.
1985,12,320629.53
1985,13,320296.24
1985,14,319953.96
1985,15,319189.09
1985,16,318455
1985,17,318083
1985,18,317785
1985,19,317486
1985,20,317132
1985,21,316391
1985,22,315917
1985,23,315508
1985,24,315320
1985,25,315121
1985,26,314907
1985,27,314496.78
1985,28,314063.56
1985,29,313623.33
1985,30,313175.11
1985,31,312714.89
1985,32,312252.67
1985,33,311786.44
1985,34,311296.22
1985,35,310745
1985,36,310450
1985,37,.
1985,38,.
1985,39,.
1985,40,.
1985,41,.
1985,42,.
1985,43,.
1985,44,.
1985,45,.
1985,46,.
1985,47,.
1985,48,.
1985,49,.
1985,50,.
1985,51,.
1985,52,.
1985,53,.
1985,54,.
1985,55,.
1986,12,300321.97
1986,13,300035.29
1986,14,300321.68
1986,15,300683
1986,16,300359
1986,17,300064
1986,18,299820
1986,19,299501
1986,20,298916
1986,21,298459
1986,22,298091
1986,23,297947
1986,24,297782
1986,25,297582
1986,26,297163.89
1986,27,296738.78
1986,28,296305.67
1986,29,295873.56
1986,30,295419.44
1986,31,294964.33
1986,32,294500.22
1986,33,294028.11
1986,34,293527
1986,35,293269
1986,36,.
1986,37,.
1986,38,.
1986,39,.
1986,40,.
1986,41,.
1986,42,.
1986,43,.
1986,44,.
1986,45,.
1986,46,.
1986,47,.
1986,48,.
1986,49,.
1986,50,.
1986,51,.
1986,52,.
1986,53,.
1986,54,.
1986,55,.
1987,12,285458.42
1987,13,286307.58
1987,14,286632
1987,15,286353
1987,16,286124
1987,17,285887
1987,18,285634
1987,19,285189
1987,20,284745
1987,21,284378
1987,22,284210
1987,23,284062
1987,24,283899
1987,25,283460
1987,26,283008
1987,27,282559
1987,28,282115
1987,29,281643
1987,30,281173
1987,31,280695
1987,32,280196
1987,33,279715
1987,34,279465
1987,35,.
1987,36,.
1987,37,.
1987,38,.
1987,39,.
1987,40,.
1987,41,.
1987,42,.
1987,43,.
1987,44,.
1987,45,.
1987,46,.
1987,47,.
1987,48,.
1987,49,.
1987,50,.
1987,51,.
1987,52,.
1987,53,.
1987,54,.
1987,55,.
1988,12,281307.03
1988,13,281684
1988,14,281429
1988,15,281185
1988,16,280931
1988,17,280685
1988,18,280352
1988,19,279951
1988,20,279550
1988,21,279400
1988,22,279259
1988,23,279097
1988,24,278702.56
1988,25,278321.11
1988,26,277916.67
1988,27,277524.22
1988,28,277138.78
1988,29,276722.33
1988,30,276311.89
1988,31,275919.44
1988,32,275483
1988,33,275304
1988,34,.
1988,35,.
1988,36,.
1988,37,.
1988,38,.
1988,39,.
1988,40,.
1988,41,.
1988,42,.
1988,43,.
1988,44,.
1988,45,.
1988,46,.
1988,47,.
1988,48,.
1988,49,.
1988,50,.
1988,51,.
1988,52,.
1988,53,.
1988,54,.
1988,55,.
1989,12,272011
1989,13,271800
1989,14,271609
1989,15,271437
1989,16,271206
1989,17,270912
1989,18,270583
1989,19,270214
1989,20,270075
1989,21,269926
1989,22,269787
1989,23,269459.67
1989,24,269134.33
1989,25,268813
1989,26,268506.67
1989,27,268174.33
1989,28,267851
1989,29,267518.67
1989,30,267161.33
1989,31,266797
1989,32,266622
1989,33,.
1989,34,.
1989,35,.
1989,36,.
1989,37,.
1989,38,.
1989,39,.
1989,40,.
1989,41,.
1989,42,.
1989,43,.
1989,44,.
1989,45,.
1989,46,.
1989,47,.
1989,48,.
1989,49,.
1989,50,.
1989,51,.
1989,52,.
1989,53,.
1989,54,.
1989,55,.
1990,12,269031
1990,13,268878
1990,14,268704
1990,15,268527
1990,16,268225
1990,17,267905
1990,18,267594
1990,19,267488
1990,20,267395
1990,21,267252
1990,22,266986.78
1990,23,266735.56
1990,24,266474.33
1990,25,266219.11
1990,26,265956.89
1990,27,265694.67
1990,28,265404.44
1990,29,265129.22
1990,30,264838
1990,31,264665
1990,32,.
1990,33,.
1990,34,.
1990,35,.
1990,36,.
1990,37,.
1990,38,.
1990,39,.
1990,40,.
1990,41,.
1990,42,.
1990,43,.
1990,44,.
1990,45,.
1990,46,.
1990,47,.
1990,48,.
1990,49,.
1990,50,.
1990,51,.
1990,52,.
1990,53,.
1990,54,.
1990,55,.
1991,12,262106
1991,13,261973
1991,14,261811
1991,15,261537
1991,16,261217
1991,17,260903
1991,18,260799
1991,19,260712
1991,20,260604
1991,21,260349.33
1991,22,260083.67
1991,23,259801
1991,24,259533.33
1991,25,259264.67
1991,26,258997
1991,27,258719.33
1991,28,258434.67
1991,29,258160
1991,30,258022
1991,31,.
1991,32,.
1991,33,.
1991,34,.
1991,35,.
1991,36,.
1991,37,.
1991,38,.
1991,39,.
1991,40,.
1991,41,.
1991,42,.
1991,43,.
1991,44,.
1991,45,.
1991,46,.
1991,47,.
1991,48,.
1991,49,.
1991,50,.
1991,51,.
1991,52,.
1991,53,.
1991,54,.
1991,55,.
1992,12,247551
1992,13,247394
1992,14,247125
1992,15,246820
1992,16,246479
1992,17,246349
1992,18,246276
1992,19,246170
1992,20,245906.78
1992,21,245636.56
1992,22,245384.33
1992,23,245116.11
1992,24,244844.89
1992,25,244573.67
1992,26,244319.44
1992,27,244056.22
1992,28,243773
1992,29,243672
1992,30,.
1992,31,.
1992,32,.
1992,33,.
1992,34,.
1992,35,.
1992,36,.
1992,37,.
1992,38,.
1992,39,.
1992,40,.
1992,41,.
1992,42,.
1992,43,.
1992,44,.
1992,45,.
1992,46,.
1992,47,.
1992,48,.
1992,49,.
1992,50,.
1992,51,.
1992,52,.
1992,53,.
1992,54,.
1992,55,.
1993,12,237882
1993,13,237637
1993,14,237320
1993,15,237015
1993,16,236916
1993,17,236835
1993,18,236761
1993,19,236448.67
1993,20,236162.33
1993,21,235859
1993,22,235567.67
1993,23,235277.33
1993,24,234988
1993,25,234684.67
1993,26,234396.33
1993,27,234093
1993,28,234020
1993,29,.
1993,30,.
1993,31,.
1993,32,.
1993,33,.
1993,34,.
1993,35,.
1993,36,.
1993,37,.
1993,38,.
1993,39,.
1993,40,.
1993,41,.
1993,42,.
1993,43,.
1993,44,.
1993,45,.
1993,46,.
1993,47,.
1993,48,.
1993,49,.
1993,50,.
1993,51,.
1993,52,.
1993,53,.
1993,54,.
1993,55,.
1994,12,229014
1994,13,228686
1994,14,228387
1994,15,228259
1994,16,228174
1994,17,228061
1994,18,227762.67
1994,19,227454.33
1994,20,227143
1994,21,226835.67
1994,22,226542.33
1994,23,226234
1994,24,225931.67
1994,25,225616.33
1994,26,225296
1994,27,225206
1994,28,.
1994,29,.
1994,30,.
1994,31,.
1994,32,.
1994,33,.
1994,34,.
1994,35,.
1994,36,.
1994,37,.
1994,38,.
1994,39,.
1994,40,.
1994,41,.
1994,42,.
1994,43,.
1994,44,.
1994,45,.
1994,46,.
1994,47,.
1994,48,.
1994,49,.
1994,50,.
1994,51,.
1994,52,.
1994,53,.
1994,54,.
1994,55,.
1995,12,214401
1995,13,214099
1995,14,214010
1995,15,213937
1995,16,213827
1995,17,213548.44
1995,18,213251.89
1995,19,212962.33
1995,20,212676.78
1995,21,212406.22
1995,22,212118.67
1995,23,211834.11
1995,24,211541.56
1995,25,211256
1995,26,211196
1995,27,.
1995,28,.
1995,29,.
1995,30,.
1995,31,.
1995,32,.
1995,33,.
1995,34,.
1995,35,.
1995,36,.
1995,37,.
1995,38,.
1995,39,.
1995,40,.
1995,41,.
1995,42,.
1995,43,.
1995,44,.
1995,45,.
1995,46,.
1995,47,.
1995,48,.
1995,49,.
1995,50,.
1995,51,.
1995,52,.
1995,53,.
1995,54,.
1995,55,.
1996,12,207429
1996,13,207334
1996,14,207246
1996,15,207142
1996,16,206825.89
1996,17,206509.78
1996,18,206196.67
1996,19,205882.56
1996,20,205573.44
1996,21,205258.33
1996,22,204947.22
1996,23,204639.11
1996,24,204318
1996,25,204259
1996,26,.
1996,27,.
1996,28,.
1996,29,.
1996,30,.
1996,31,.
1996,32,.
1996,33,.
1996,34,.
1996,35,.
1996,36,.
1996,37,.
1996,38,.
1996,39,.
1996,40,.
1996,41,.
1996,42,.
1996,43,.
1996,44,.
1996,45,.
1996,46,.
1996,47,.
1996,48,.
1996,49,.
1996,50,.
1996,51,.
1996,52,.
1996,53,.
1996,54,.
1996,55,.
1997,12,199473
1997,13,199406
1997,14,199282
1997,15,198988.11
1997,16,198684.22
1997,17,198367.33
1997,18,198058.44
1997,19,197735.56
1997,20,197416.67
1997,21,197087.78
1997,22,196779.89
1997,23,196471
1997,24,196394
1997,25,.
1997,26,.
1997,27,.
1997,28,.
1997,29,.
1997,30,.
1997,31,.
1997,32,.
1997,33,.
1997,34,.
1997,35,.
1997,36,.
1997,37,.
1997,38,.
1997,39,.
1997,40,.
1997,41,.
1997,42,.
1997,43,.
1997,44,.
1997,45,.
1997,46,.
1997,47,.
1997,48,.
1997,49,.
1997,50,.
1997,51,.
1997,52,.
1997,53,.
1997,54,.
1997,55,.
1998,12,190769
1998,13,190685
1998,14,190377.56
1998,15,190053.11
1998,16,189738.67
1998,17,189427.22
1998,18,189103.78
1998,19,188781.33
1998,20,188449.89
1998,21,188127.44
1998,22,187786
1998,23,187715
1998,24,.
1998,25,.
1998,26,.
1998,27,.
1998,28,.
1998,29,.
1998,30,.
1998,31,.
1998,32,.
1998,33,.
1998,34,.
1998,35,.
1998,36,.
1998,37,.
1998,38,.
1998,39,.
1998,40,.
1998,41,.
1998,42,.
1998,43,.
1998,44,.
1998,45,.
1998,46,.
1998,47,.
1998,48,.
1998,49,.
1998,50,.
1998,51,.
1998,52,.
1998,53,.
1998,54,.
1998,55,.
1999,12,185695
1999,13,185367.56
1999,14,185031.11
1999,15,184694.67
1999,16,184355.22
1999,17,184012.78
1999,18,183656.33
1999,19,183287.89
1999,20,182933.44
1999,21,182570
1999,22,182506
1999,23,.
1999,24,.
1999,25,.
1999,26,.
1999,27,.
1999,28,.
1999,29,.
1999,30,.
1999,31,.
1999,32,.
1999,33,.
1999,34,.
1999,35,.
1999,36,.
1999,37,.
1999,38,.
1999,39,.
1999,40,.
1999,41,.
1999,42,.
1999,43,.
1999,44,.
1999,45,.
1999,46,.
1999,47,.
1999,48,.
1999,49,.
1999,50,.
1999,51,.
1999,52,.
1999,53,.
1999,54,.
1999,55,.
2000,12,183723.33
2000,13,183374.67
2000,14,183018
2000,15,182654.33
2000,16,182300.67
2000,17,181938
2000,18,181568.33
2000,19,181195.67
2000,20,180812
2000,21,180748
2000,22,.
2000,23,.
2000,24,.
2000,25,.
2000,26,.
2000,27,.
2000,28,.
2000,29,.
2000,30,.
2000,31,.
2000,32,.
2000,33,.
2000,34,.
2000,35,.
2000,36,.
2000,37,.
2000,38,.
2000,39,.
2000,40,.
2000,41,.
2000,42,.
2000,43,.
2000,44,.
2000,45,.
2000,46,.
2000,47,.
2000,48,.
2000,49,.
2000,50,.
2000,51,.
2000,52,.
2000,53,.
2000,54,.
2000,55,.
2001,12,178396.22
2001,13,178018.33
2001,14,177637.44
2001,15,177259.56
2001,16,176876.67
2001,17,176479.78
2001,18,176083.89
2001,19,175683
2001,20,175613
2001,21,.
2001,22,.
2001,23,.
2001,24,.
2001,25,.
2001,26,.
2001,27,.
2001,28,.
2001,29,.
2001,30,.
2001,31,.
2001,32,.
2001,33,.
2001,34,.
2001,35,.
2001,36,.
2001,37,.
2001,38,.
2001,39,.
2001,40,.
2001,41,.
2001,42,.
2001,43,.
2001,44,.
2001,45,.
2001,46,.
2001,47,.
2001,48,.
2001,49,.
2001,50,.
2001,51,.
2001,52,.
2001,53,.
2001,54,.
2001,55,.
2002,12,171796.33
2002,13,171412.44
2002,14,171034.56
2002,15,170641.67
2002,16,170250.78
2002,17,169858.89
2002,18,169455
2002,19,169405
2002,20,.
2002,21,.
2002,22,.
2002,23,.
2002,24,.
2002,25,.
2002,26,.
2002,27,.
2002,28,.
2002,29,.
2002,30,.
2002,31,.
2002,32,.
2002,33,.
2002,34,.
2002,35,.
2002,36,.
2002,37,.
2002,38,.
2002,39,.
2002,40,.
2002,41,.
2002,42,.
2002,43,.
2002,44,.
2002,45,.
2002,46,.
2002,47,.
2002,48,.
2002,49,.
2002,50,.
2002,51,.
2002,52,.
2002,53,.
2002,54,.
2002,55,.
2003,12,169767
2003,13,169343
2003,14,168913
2003,15,168487
2003,16,168051
2003,17,167624
2003,18,167569
2003,19,.
2003,20,.
2003,21,.
2003,22,.
2003,23,.
2003,24,.
2003,25,.
2003,26,.
2003,27,.
2003,28,.
2003,29,.
2003,30,.
2003,31,.
2003,32,.
2003,33,.
2003,34,.
2003,35,.
2003,36,.
2003,37,.
2003,38,.
2003,39,.
2003,40,.
2003,41,.
2003,42,.
2003,43,.
2003,44,.
2003,45,.
2003,46,.
2003,47,.
2003,48,.
2003,49,.
2003,50,.
2003,51,.
2003,52,.
2003,53,.
2003,54,.
2003,55,.
2004,12,172018.78
2004,13,171593.33
2004,14,171157.89
2004,15,170725.44
2004,16,170293
2004,17,170262
2004,18,.
2004,19,.
2004,20,.
2004,21,.
2004,22,.
2004,23,.
2004,24,.
2004,25,.
2004,26,.
2004,27,.
2004,28,.
2004,29,.
2004,30,.
2004,31,.
2004,32,.
2004,33,.
2004,34,.
2004,35,.
2004,36,.
2004,37,.
2004,38,.
2004,39,.
2004,40,.
2004,41,.
2004,42,.
2004,43,.
2004,44,.
2004,45,.
2004,46,.
2004,47,.
2004,48,.
2004,49,.
2004,50,.
2004,51,.
2004,52,.
2004,53,.
2004,54,.
2004,55,.
2005,12,177813.33
2005,13,177384.89
2005,14,176962.44
2005,15,176523
2005,16,176495
2005,17,.
2005,18,.
2005,19,.
2005,20,.
2005,21,.
2005,22,.
2005,23,.
2005,24,.
2005,25,.
2005,26,.
2005,27,.
2005,28,.
2005,29,.
2005,30,.
2005,31,.
2005,32,.
2005,33,.
2005,34,.
2005,35,.
2005,36,.
2005,37,.
2005,38,.
2005,39,.
2005,40,.
2005,41,.
2005,42,.
2005,43,.
2005,44,.
2005,45,.
2005,46,.
2005,47,.
2005,48,.
2005,49,.
2005,50,.
2005,51,.
2005,52,.
2005,53,.
2005,54,.
2005,55,.
2006,12,184206.22
2006,13,183801.11
2006,14,183392
2006,15,183372
2006,16,.
2006,17,.
2006,18,.
2006,19,.
2006,20,.
2006,21,.
2006,22,.
2006,23,.
2006,24,.
2006,25,.
2006,26,.
2006,27,.
2006,28,.
2006,29,.
2006,30,.
2006,31,.
2006,32,.
2006,33,.
2006,34,.
2006,35,.
2006,36,.
2006,37,.
2006,38,.
2006,39,.
2006,40,.
2006,41,.
2006,42,.
2006,43,.
2006,44,.
2006,45,.
2006,46,.
2006,47,.
2006,48,.
2006,49,.
2006,50,.
2006,51,.
2006,52,.
2006,53,.
2006,54,.
2006,55,.
2007,12,193906.89
2007,13,193509
2007,14,193475
2007,15,.
2007,16,.
2007,17,.
2007,18,.
2007,19,.
2007,20,.
2007,21,.
2007,22,.
2007,23,.
2007,24,.
2007,25,.
2007,26,.
2007,27,.
2007,28,.
2007,29,.
2007,30,.
2007,31,.
2007,32,.
2007,33,.
2007,34,.
2007,35,.
2007,36,.
2007,37,.
2007,38,.
2007,39,.
2007,40,.
2007,41,.
2007,42,.
2007,43,.
2007,44,.
2007,45,.
2007,46,.
2007,47,.
2007,48,.
2007,49,.
2007,50,.
2007,51,.
2007,52,.
2007,53,.
2007,54,.
2007,55,.
2008,12,207742
2008,13,207723
2008,14,.
2008,15,.
2008,16,.
2008,17,.
2008,18,.
2008,19,.
2008,20,.
2008,21,.
2008,22,.
2008,23,.
2008,24,.
2008,25,.
2008,26,.
2008,27,.
2008,28,.
2008,29,.
2008,30,.
2008,31,.
2008,32,.
2008,33,.
2008,34,.
2008,35,.
2008,36,.
2008,37,.
2008,38,.
2008,39,.
2008,40,.
2008,41,.
2008,42,.
2008,43,.
2008,44,.
2008,45,.
2008,46,.
2008,47,.
2008,48,.
2008,49,.
2008,50,.
2008,51,.
2008,52,.
2008,53,.
2008,54,.
2008,55,.
2009,12,210569
2009,13,.
2009,14,.
2009,15,.
2009,16,.
2009,17,.
2009,18,.
2009,19,.
2009,20,.
2009,21,.
2009,22,.
2009,23,.
2009,24,.
2009,25,.
2009,26,.
2009,27,.
2009,28,.
2009,29,.
2009,30,.
2009,31,.
2009,32,.
2009,33,.
2009,34,.
2009,35,.
2009,36,.
2009,37,.
2009,38,.
2009,39,.
2009,40,.
2009,41,.
2009,42,.
2009,43,.
2009,44,.
2009,45,.
2009,46,.
2009,47,.
2009,48,.
2009,49,.
2009,50,.
2009,51,.
2009,52,.
2009,53,.
2009,54,.
2009,55,.
,,
